title,link
Met Office issues weather warning for part of Wales,./read/CBMikgFBVV95cUxQMEc4SmdINGVKQkFjbm4tLVdJM3RncDNWUWNmZ1NsUFl2NHJEVlRZWmhzNlB2MTJ1aHZmaENSQnFlTGJhRm9TTFkwdlRUTnR5LWd1Rl9NVUpWZ0lUVS1oX0Fwcmtyb21pLUdxVmNnbm9tNFZrSzVGcHZxSDRqY1VMLUd3R3oyU0N1NjFsalkwbTVqQdIBlwFBVV95cUxPX2NwaUg1bGduZ3ZKTWkwU1dxMFBDakdaalFMeEt1dUhWVVl1TEpKY0lOYnh4dlJhZ2hBaExpT0ZxU2lWYkhmS2pQUWhxazcwSi1idjFUajBHd1pENDhGUXZxTzdoN09HbWgxLVZFVUVIUllRNE02ZGlfU1dlT2FNTndobVQtVVhsU29LMVRRYlp3Qi1Pam9J?hl=en-GB&gl=GB&ceid=GB%3Aen
Rush hour fog warning for parts of North Wales,./read/CBMijwFBVV95cUxQNG9HQXV0SnFPeXU3MkltNnZXZUhuQnl1Q0ZDRlZSRWtrVTItZ3g4MkRYZ1R5UVlOVXM1U2pNR3lFTHRXdEg4OE4xNUk3RjIydGU2ZmJjWnhYcXc4SmdqNGI4NzFjYmNhRm94S04tdHJ0ZHZ5OE1KcmRvVTFnSlRoVEd2cHhMN2lUdkdUR2NTNNIBlAFBVV95cUxPRmxqX0VPb2FmaWVrd3BpeVhzanRDcVE4by1CUHg5TnQxTlpOV2tjTzRaQThSUjNQMHlCaGMtdGt3ODZNV0hMLUNrUEtpVV9IQkFlOGJLeEZBTWRQSC1qZlBnMmF1TDJtclNTalNNOVA5VmZwSXk3YTJrYjQ4YzBSY2RRYUsyNktjVDBCMVZjNjlZczk4?hl=en-GB&gl=GB&ceid=GB%3Aen
Five-hour weather warning in place for parts of Shropshire,./read/CBMiugFBVV95cUxOem05MTlqNVFjeWVJRGJNTU9tUjdQWDZpTFdBTU1vdDMtX0hWV202WWhtWFdnRFk0eUttOUI5NmI0cksza1NjSjRKSW9MTDRfcnVxUXVOcUwwbDUtYVZCbnpTZkNsbUpjd00wdVh4MUNHMVozMGdhd01sc3doelo5MXk3Qk5waHJJbVMtSGNqdW93Q1RrSko2OGtzcF96V3NGeXJGa25jTGwwaGtzM0JBd2ZYaURJQm1aSVE?hl=en-GB&gl=GB&ceid=GB%3Aen
Met Office issues urgent five-hour yellow fog alert with warning to drivers,./read/CBMiggFBVV95cUxPNUlDMW9BT2tqWVF5cVJRWXNrNmdvbkE0dmJLelI5YV94U2xheDZlNk1IeUx5MjhkUDc4TnhhdHIyak14anllQjhfNUZYcVZVRk5PWmxCUkZKTHhtUy16WEVncTJubk8zT0xZdHVpSjAtdVIwVkNSVVVEOUZEX3FLaGh30gGHAUFVX3lxTFBISzJ6TDRNOXJRYkxaN1A2eW1CTzZVVDFfMGRKUG03QV84ak9CMkJTSlNGY0xoX0dCSGZTOUZMOF9FVVhabDNVWGcyNlBUWmh4dlFtcXpaNGtocUozanpYcWhWN2F2ZlVqVjBiRFRERVBaMHBhMmdiZ3REWnBFbGk1NEhpYUQxcw?hl=en-GB&gl=GB&ceid=GB%3Aen
Starmer Faces Possible Probe Over Labour Donor’s Gifts to Wife,./read/CBMiswFBVV95cUxNMnRMTlpEY2dlRlAzY2hxTkttNXE2M1lGQ0dZWVRZMkc5X0Qwdmpmekg0elR0QV9MVFlOdWRJU2tXaHV1Z0ZfLXp3bzFPUnN2SWRrRE5OM1NocEY1ZXFPYy1kTy1DUGtaelBkTzU1OXlUcFlYemVCTFU3RFBGVDhOZnp0RHFWUUhQQUcyY3J3TE4zSkgtMHV3VjZodlhPc0lDR1NUUjJ2ek9OQlppUjVOTVhHTQ?hl=en-GB&gl=GB&ceid=GB%3Aen
Keir Starmer breached rules over wife’s clothes bought by Lord Alli,./read/CBMilAFBVV95cUxNOEdidHdCREZTSVQ3RjlJalVqRHcxQ3ZfMERheHNLQUNabDdiQWJ0UjNpT3ViRDZsUkxRSzFmWXhFRXJBSWNiWlBFb0NZcE1tUmhobFZRWVluaHI4eUdVM1hWNVlPU1I5TUI2RUNpWjlpMWpoSGR4NFJRdVo1YnBaeVhZZzNGRHpYbGhxaDBaQ2ZRYTAy?hl=en-GB&gl=GB&ceid=GB%3Aen
Keir Starmer fails to declare gifts to wife from millionaire party donor in Parliament rule breach,./read/CBMirAFBVV95cUxQaVJ1M3dySkRUaUIyZnpTbm8xN0lsR21oRVkySExQd2dOYkVvRUVKUkhpYTlDNi1aMGtoU1BGaEMxYWFDNmdUWjlLQktwNEZJMW5XSlh2RHpaa0RYWFJRb3pITXZjVkZrTjVBdk51cnQ1M250TEJGRjgxbVowenhYY0VJejRZTnlrYVJvaENwNjJ3VnJnSzc3UGlkeExnUXR0NnVSWjRxVS1XYTYx?hl=en-GB&gl=GB&ceid=GB%3Aen
Keir Starmer may have broken rules after Labour donor ‘pays for his wife’s clothes’,./read/CBMiqAFBVV95cUxNR3FGRXNrbTVtalhfMFQ5ZnZTM1VuNFdVTUpWekV0X2w5VTI4blhqSm4zekc5Y1ZwZUs3RXRTTUo4LUtQRERXN2w0TkNMQTM2bktsQUJReExiSjVWb2UzbXJkeUt2WmZwdTBhQ043WjJhVnY0bmszNE0xdWFOM0ZHeTBuN3lWQlZsZDNfenNiaEI2MmpiYkoxU0czOU1MenZKNDJudllKTDM?hl=en-GB&gl=GB&ceid=GB%3Aen
Eight fire engines battle Flintshire factory blaze,./read/CBMimwFBVV95cUxQbjd0V1JnUGZrS3Z2UlkzeDk2MzJ3aHN4R09DWk5ZZXphNGRibjBfS0hRM0R1dlhiUGZMelk5dmI3ZXpQVXNUVjE4eVMtR09qZDVQTi1KODJhRkRuYlU4YjJPU0ZvMjRrNGdHRmV1WVVDYjdsaDBFeWg2eVdadDJ6MEJnRHV2d2Z0NExSaldsU1BjOHI4UzVaM2xNOA?hl=en-GB&gl=GB&ceid=GB%3Aen
People plagued by 'rotten' smell after 'stink pipe' nightmare,./read/CBMimgFBVV95cUxQV0E2alJwX3NOLThPLWR4bmVZRy1LMm5raUVldE1WOW1nU2QyX3RITDlub3lvTGY5NzFDSV9YZEl5eEROMXgwRTktb3NvRi1jZXRnUGlCMG5iclFGeHRVT1hQTXd6cl96R0FZM3FsNTdEMUpHM0VYY29OSkNBNXJva3FaM0ZBTUI2dnh3cTVhY2UzOEpoTzdRTVRn0gGfAUFVX3lxTE02VnlqTDd1a0txWmxkVlFWR1FiYmxtaXFYLTZ5YV9WVUNOcFN4cjFBMDRRa0hCNXlmYnhfYXJVRjZoSGdpaDZkdFFjdEtjcFFiU2tyQzA1VmJtTHZQc1ZkWHBpaWg2MzNMaWlVdW1FNWdTYU5xLVdTTUVxY042bnREN0lWT1doeHFQZzJRaDNFLWVGejRwR2R5VDZUX0NuZw?hl=en-GB&gl=GB&ceid=GB%3Aen
LIVE M6 updates as motorway closed for hours after 'serious collision' involving pedestrian,./read/CBMihgFBVV95cUxOSkd0YzJEdzlsWHczTjRvTEIyOGVVRmNMdmNCYnNYS1JkY3BhTFRPNFVud0RYdnNoNkdpOEVhQkxyTGlNX19zdzU4RU5pZkVWM1ZBeDE2amV2Sk9ieTlScU9uV3lVcjlrSTBCck8xZzVMTU1vbXpIY2dnUWp3cVlhUk9yUUVEUdIBiwFBVV95cUxNV1R3Y0Y0ak1iUm0zaFFoMU9sR0tmVl9aRENaZjRlckhwdVV6UUk4S19Xa3JVOHNDZUJoWGQ4QU53Y29CQzdFbVdKRjUwTkRfNmhMbnREb0MtVFRFX0k0bzluQTh4SFVjRzYzTDN0T0dRb1RuS3I3Yld0d3JRaDNYdFFSVUQ3dHp6V2Mw?hl=en-GB&gl=GB&ceid=GB%3Aen
Four men charged after tonne of cocaine found on fishing boat,./read/CBMijAFBVV95cUxNSTRaVXd6WUNVdjFsekZkd29BR1NQYzNDSVZIckFrX05YaGdmREs5NlFsczNOTGRNNkNIbjFpMlZHcWVsbDAzLWZLYTlkY2ZLLWhHVjNoTXpETHRtazl6bzVHYjhia0ZKSXhEMmF5NXY1LVVPUkxYNjR5ZDhfV2gtVHUwSWhHY2lheDlIadIBkgFBVV95cUxQSTNTVjNlX0sxRldKRG53SHdiUlRvNHZ4S3BoRzc5RlQtS2ZoN1NPT0YxUEl1aEFYQ1N6OTdkdTZndlZFSXEtUWxNSGJCRUoxdEN6Q25HUW9fVlFTYko5ZTEzRXRodmRDOWRKbGNHaEtBRDRTeFhYcENaN09XU2MyYWVqdVNmRDU4cWlhY2dZUFl6QQ?hl=en-GB&gl=GB&ceid=GB%3Aen
Four charged after suspected cocaine found on boat off Newquay,./read/CBMiXEFVX3lxTE1PRGdEa2V3eE16U2pIYUR5RWtheHFGM2Y4MVJVSXRiTWdoTUxyYk1MMG9Qc2pfa1BnY0t6SXRoTXpzeTR4MGI0X2N0alBzUFpvdlJrNG5KdzVsZXVD?hl=en-GB&gl=GB&ceid=GB%3Aen
'Huge loss for organised crime': One tonne of cocaine seized from Cornwall fishing boat as four charged,./read/CBMi0gFBVV95cUxQbHE1SHNqQmxyOGtKOHVqdkxBZUt2UGlyZ0ttMWcxMWNTLXBRMUtUbUNZVUpkZURhVUxKcFJYbUplQ3ZPYVFBZ1dFTVRQQzM5ZllsTl9SSlFiSmhtcDRiSXk3RVVLU1VFOGw0Vllid2ZVdUxCcEsxOHVjdHEtZHRRSWdIN3B5SFlBM3djNDZudzd1Ty1YMm55aWVMQnJqRWFvWF9FNUstb0tRRzJ5SXRlUzBwaTkzUmZEQUIwSWhUZF85ZkU4Wnk0SnBrODZaRW1IcmfSAdcBQVVfeXFMTWtPMUYtNVIxUTV6ZG44MlRGOExmY3RFeHpYdzRVOVNmZDhpQWd4cktaakgzRDk5T0FFSEFLNUNJczk5aF9vNXdnNUF2QVpad1dhRUNkTDVCNzlxUHAxT2RfSHJZc3FPYm5tMklEcE9CMk1ZTmFuenRQT2NKeVByQk9mZXpySkl2V1YtMXRQWEItNmVHZEMxQk10SVNBOHBJdVM4YjZURU95ZG0tWkRIYUpEdFlCZGY3ZFZsOWNaTWhlMkFsZG5yZUxBblFCLVZUcmktd2tRRDg?hl=en-GB&gl=GB&ceid=GB%3Aen
Four men charged after ton of cocaine seized on Cornish fishing boat,./read/CBMingFBVV95cUxOMW10blhvUTlVVTNkLWw0NFQ0TzJ6U09jdGtvdC1XeGJaV19SamNJbHFqckJPUDUyWXo2U2FaV1JRelpzNFk0SGI2RzJZcGh3WmEwZFd1anFMZ05oWmFSWGpjUmJSSjZHalEyS1hYOFhnSmpaRjZpOVl6N0p5R1hOb2dkUlFaVTBjc25sTm5DLUp3c25rczNIMEZ0cy1Mdw?hl=en-GB&gl=GB&ceid=GB%3Aen
The truly shocking state of the NHS has finally been exposed,./read/CBMiqAFBVV95cUxQS0s3NUtDam5KU3lPSUwwMTJrdHFmdWEzejJiZlZKdWhNWG5nTl9FbUZZUkZ5UFBBOF85a1JNR3IwWWVpSUVDYmJlaDBUYkJWTVpJS1BvQ0M5SUNaOG1YRzBmZmx2ZkNQb2JLLXhZZVFTVHZZS0l3c2ZTT1cwWXNzeHlFZlNhbE1VX3RxRkVYaHRzbTFWT2RaTVNqaHpib3NWSDFTSC1VdjY?hl=en-GB&gl=GB&ceid=GB%3Aen
"The Observer view on the NHS: If it is to ‘reform or die’, let’s start with the way it handles our data",./read/CBMi5wFBVV95cUxOMlBTV1pNRHhpWW02eEF6LW9FUzl0YXdZMEdNaGNfenJuUm5CNzhxZUxaTC1SNmQwRXRVTVZXQUJYcll5M3RFdllsOE5kcUNMYUxXRld2TDVGRnROdHBVQVJzN0t4N0JXYkVvbDFlSnM2bHh0NXVRU0lFa0JEWmE4MmVyZnpBT2lha1VqWGlOS1BzZXhpNmNTR3ZSY3ZzWDA2WWI3NE9hWDZCbThxRFhLS0F5VGtxWndfSVQzUXlDRjRTSlZLWkVSYUJhamR2VVRrQmNWV2VLTlRiSXlwYWI1V3BQZFZsMW_SAecBQVVfeXFMTkpSOGNjUFl6WEFLNkE4elRYbGJMbFFBdS1SSFUzV3FkdDdRVGxMcjU0eEl3S1NSU1ZjdVNZQUl1anBwQ2RweUQzemRTY01XZXNzZUc5ZnFtcEdyMkJNZHlDUm9ibkR3RllPX0l2ZFVrTV9DUlRwOFdrX1lSbGwxR3VYR0RfalBzamlvUGdqdld6VTF0WldGSjd6Y0dub1FlMHRleWREN2QxaXNIdl92TkNMeHVsalRWRVU0Q0w2RkhmWTE3Qjl3MDhHaDA2cE1zMTZTYS1za0xxNEQtX3llSVdNemswOEJj?hl=en-GB&gl=GB&ceid=GB%3Aen
The modern world has finally buried ‘our’ NHS and BBC,./read/CBMinAFBVV95cUxPaFF0Z0xaeFJLNkZ1ajBITXpSSkhRVk92ZnlzbExYY2V4Y0I2YWFDTDVCYjVwb3h1c3ROWEpiUGtYRFMtUWh1VG1WX05UVHhSN0huZnkzcVVXNEhTT3YwcVZvWUx6X0hpOGlMc29xV0JjTU9HXzJJWlBUN3g0SFZ3NVhXWWttamt4VGhoN2o4c3lMR19MWFpPX2pMZnE?hl=en-GB&gl=GB&ceid=GB%3Aen
Naked politics as Starmer tries to calm NHS expectations,./read/CBMilwFBVV95cUxPclU5MVZsNW9rc3RLNm9nc3VRczl5X0lBZF9sUXdYYUE2RHBtZXh5Yk93a3JZZGROQWVLSXJRalRnUTlFUFRsWVhUY1pFTF8wZzJmV19OUWJpV3pmQVFDRmVQdnp6ZE1ldXB6TEVUc3dSM01pZzRPTnBkeExIS2k1MDZKRE1qaGgwazgzekd0RHBLdDUydzdF0gGcAUFVX3lxTE5zMXN6eVc5MHMxQnN4ZGh1cUFYZXhfQkpmemJWeGl4azNVU0RsYXhsUGNRSlN6emlrU1pCM29mRVNtM1NKNXlPRjRoekwxZmo0QndsbjNYb0pHbEhRZVNNX3ktZmp1d1c0ZElwY0VBdTRkSjNRcVJlNTZxdGk5d2otLXZuTjNQVmx4cU1uOWdfUG44MkZYb1hfZzlPVw?hl=en-GB&gl=GB&ceid=GB%3Aen
Man dies after cardiac arrest during nine-hour ambulance wait,./read/CBMihwFBVV95cUxQOWszWlhnelY3Qlo1SWdNY1l2OTNzanFYbTF0bDZyNXcwc182WmdvOXQ2VnNVclpMWjBuM3EzOUVVSFQwdjIyMjhfODNpNExPQVFaWG85YXdxazVZNzhZTU1qeHVGUmJ0Q1VMQ3VGTGlEZllBaS1jUDd1Yjl6THdVUzMwbzlBSGc?hl=en-GB&gl=GB&ceid=GB%3Aen
Teenager charged with murder after three people found dead in Luton flat,./read/CBMimwFBVV95cUxPd1RicFI0bzBIVjhobDlOQXFYWUMtdktyaU5jZ1p6bVVfM3kwUTZuRzZvYjYzRUx2eF9yTEVNMW9NOWJBdFlBSlp1V3cyRkZPM3E1Q3hiWHA0alk5MWFnVC01QVp0MHE3RDZpM2Z3T3Vlbl9tSldUeGh1NGY0Y2p0MjgxQzA0Nm90U0FFUW5fcVV6ZEtpWHI2VXdNMA?hl=en-GB&gl=GB&ceid=GB%3Aen
Teenager charged with murders of woman and two children in Luton,./read/CBMisgFBVV95cUxOOVUtdVlEZW93RkFCVllmQjNkTVRKelVBbHh1OU5PaGVFNUdBa0NJYVh0Qk1pWFd1cWl0dTJQa1UyLWhRSzlvNUxKWkpseXhsaTlFZ0hLaC02QkNIQVJ3TXhIQ2k3QkVUcXBvWUl3SHl3LU9zUjdNRHdvMWJ4czZncFlNaDVycXpKczY0ZTFnV2syd0FDM01ObzV4QUZFdFhobHlLc25aakVLS0s1Y3hjZ2Nn?hl=en-GB&gl=GB&ceid=GB%3Aen
Man charged following triple murder at flat in Luton,./read/CBMi1gFBVV95cUxQS0M4TGpGeGtsNlVBSHRPczQ0MzNhYkNIeUN4YlYtaXN1UTk5UVRKY1c2MGhUazUwUXNDREZ5QjNocElBLVJFOFdKV0xqdHhCd1NsLWxOWTdOdGZGWEJVb2h6SlFINkNIZC1DRlhFUTJIRjZHbjlqOWRzamJOM2hjeFZhdWlRRnRCdkpvSWM1X3JyWmptTUhfcnVXVVlIOUhZSHpNVVU2RUtaaF82SWlDYTNCazZyTTdMTUdmdEtXaFBrOGxzYmhhTTNPWXNCVzlPRFF5T2d3?hl=en-GB&gl=GB&ceid=GB%3Aen
"Man, 18, charged with triple murder in Luton tower block",./read/CBMiWkFVX3lxTE9vM1ZRTlNtMDdxYzVjTm54S2dlM3ktcGs4LTVWUzlVOHZtZ0lncE4tZXNsQWZJZTVaZnRfMHpobjdEcERWOUprSjlNak90TnVVazFWTUtzR0pfdw?hl=en-GB&gl=GB&ceid=GB%3Aen
Government defends early release scheme after freed prisoner charged with sexual assault,./read/CBMiWkFVX3lxTFBsRkZEVExLVnFRWDRkRU96TnpVVmRwRWdQdU5HNFV0enBVLVBrbWpvWGhlb3BaMkhyci1SWFVqSkE5RzBFYldkTUcxUWJEcGFTazlLbEZFQnhfQdIBX0FVX3lxTE9aZk5RY1AxNGkyRFpkR3l3M2xFWWczTnRhUmQ5aGxLUGcyUXFQQzVFM3pWX1E5U18tQ2tKa1ppNXB4RG94dUhVZTNTU1h1TEFzeE9aM0lfZjBvMjNRMXNv?hl=en-GB&gl=GB&ceid=GB%3Aen
Who will be the next Oxford University chancellor? The frontrunners – and the ‘anti-woke’ outsider,./read/CBMiugFBVV95cUxORFRaU0xDWXRGdWI4Z0ZnRnVBOVZhOTV5Z2IyTVVzVl9pY0dTUU1nZ0dDRVFvQThEbFFDV241dlNBT2hDSzJvemd1SmREbmRnWjEyVzM0emRnVE9iYVhhelFZcWVHZThjNHBueUJTeXQ5RWZzYS0wLXk1d3FZcU5RY29SSEFaVXNwTlUzZGkySlN6WlhpcVRDYW9wbUhCbk5tekMyQ0JMeTVEZzE3OFNLNHB6d3NJUzhpc2c?hl=en-GB&gl=GB&ceid=GB%3Aen
"Mandelson’s call for Labour chancellor of Oxford ‘stupid’, says departing Patten",./read/CBMiwgFBVV95cUxPdTZER0ZYRFBjaGpMTnNiMExpTXBMSldYRHhjLUFWd0ltdC1rV0hzbWVBaEVXNFpsLTN5UWJNc0VuT242Mm9DMVMwcFVyU0hDY1BzSnI0TXZ4WFhaU09LVDJMMkZyenFnWXJ4LUxSYkgxOXJRenlteS1SOEZFdE90dWhHSVF1UzVnSm5vTXdjVy02UGlxNHkyTGNIUDZlNTVlbkpVaER6YmhBQUZVZmNRNElkVHBSbTRhSXFNMXByOEpYUdIBwgFBVV95cUxPdXFaNkM0c1FCN0JmM3lfc0F6NmZ1bHZVa2VtcnVkVFplbFlDUUN2M1lQLWlqZmJPbV9udWFwTWlvM2ItVXVsS0dnSURxQ2xIa0hBUTlKd1AyVWZpVEdkbGNsa1NyWkdKN25rSEFtYU5LbG9RUmlvS3paTlFMUE9lZmdPSkUwRVVWYzhFWWU2Y2lWa0RxLXpTSlgtQ1V3ZVE1Y1hNdXlqSTE5Y2NvcWQ3cVk2N2ZLREpHRU5GVWlFYzl4QQ?hl=en-GB&gl=GB&ceid=GB%3Aen
Competition intensifies in race to be next Oxford university chancellor,./read/CBMicEFVX3lxTE1BU21VUlVPaVhiOExqTjFMZDhHRnNmY1hDTC1QUlRJRWV2NDFCWWZOTnJzUGtjZGVKWktRenYzZzRURUs2LWl1Q3FUSGQ1cTlkSURRVlNuSE5Zb3Z6Z1V6S29oX1VsQ1ZSOWRPR2RDZVM?hl=en-GB&gl=GB&ceid=GB%3Aen
Imran Khan’s potential Oxford Chancellorship: A game-changer for Pakistan politics,./read/CBMiqgFBVV95cUxNbEFEcVpXLXpvTmFJTlBOOFhPTmdpdGVvelpwTDJxbEN3M29jWURUNGM0dklzMDROWDcxbVIxTU9HeGhIX1FsWlJ1ZklYdTRCQm1RYlFwUDdyTlJzUG11ZkszMXY0eUoxQWc1MGRzNjRvLW9MNEdrSlUydUdoSzh6amtlX21pQWg4SWJ1c0FPQVQ3bEo3LUs0d3JDbHhsOGZQN0JvaE90c2VoUQ?hl=en-GB&gl=GB&ceid=GB%3Aen
Newspaper headlines: Iran-Russia ‘alarm’ and elderly ‘widow tax’,./read/CBMiXEFVX3lxTFBycTgwNW1sVWxhT1V6VGlabDNUNXFtWXM5dEtqN0UwYUpQOUhoYXh1ODNLalZMZ01kT1FHYW5nOHRIT3dBclNlVW1UYnVXaHZfMzBMblhmSXN4N3ZH0gFiQVVfeXFMT0hYY2dWNEZrOXFhRVRkRHhYakN0cW14UHF5VXRYZ1VmQzJlejhaaHdmSmpBVlpZaFhTS1dFcHNJcXd4aW1oQVpLWm03YS1OZ0RTVVoxRTFxcE9ManJZM2RJelE?hl=en-GB&gl=GB&ceid=GB%3Aen
Prince Harry: What awaits Duke of Sussex as he enters fifth decade?,./read/CBMiXEFVX3lxTE9nam45S05YbmhTUjh3VkhuWExScWRobFYwc3lmUk5kSFBZbjhyazVUU21UaGlWUjlfdlFWWDJZNnU2VzBZTWJ1b2Vvc0ZuQ3ZSR2JaYXI2VGxfLW5I0gFiQVVfeXFMTlV3Qk50amdybXJNekJQYXE3TEFOUFFVSzd3bG5tRVJSM2pKQ1phLWYtbHRtTThtRTJ2Zmg4UEM5S19JTTlBN3Zaa0VWRkpqMTdDTFpmbGRaZ05PU0habXBSdkE?hl=en-GB&gl=GB&ceid=GB%3Aen
Royal family wishes Prince Harry happy 40th birthday on social media,./read/CBMipgFBVV95cUxNbUFJUUVWZjl0SnV5aTBXOThqLVhYdXI4X0lObGNsODB4TGQxM1NiOVU4a3RRMmNoXzlORlJYRVFGd2V4S01jaHhWSkc0bGtJVzRkeWdYX2xMaGp5RWNlSWw1alc3bjFwNzFsUS1kVmU1WmlpVWkwbjltTHVNMlh2NnBVZVVRRG43RURzWnZrOFA2M2h4c0JnSE1ZZExrQ3NmWEJGdzN30gGmAUFVX3lxTFB5QzI0akN2ajlxYzJSMFh6MVVLdmdac09sbGgyVlBMQ3l2OUdDYjZXOGZzbjhPZXI5Q0E4NC1zTWxkby05N1Q4VUdoTHZ0RU9leTdwejdOYzdhcmRaa0JUbnhENmQ0RmYxVjA3M1hsU050YVY2SU5YelNJcjVoMGljM0taZ2hmTjJubDFXUE13RFZNSXA3TThNT0NKZ3pMZ25ST180MUE?hl=en-GB&gl=GB&ceid=GB%3Aen
William wishes Harry a happy birthday for the first time in years,./read/CBMiqgFBVV95cUxOdW5WZS1xd3ZzZEpuMk1JMklNYkhmT1pMb2RoSFZJQW1MSXQ0d2Iwd19ZUU8xb2l0OXYwZTNxUTNPcGZfYi1HdXh4dW0xb21ZRzNqX19aR09UdzBXRldLV3l4akpJdkRtdFNzSnRCel9ESkNDelFGU0prQXFRVE1vdWxTS0FPd2h0V19aaEZwNllDYm5LaUhQbWFvUWhQQm1oZXI3VmFCTUZzdw?hl=en-GB&gl=GB&ceid=GB%3Aen
Royal Family wish Prince Harry happy birthday in first public message for two years,./read/CBMiuwFBVV95cUxPd25GMERxTGFkdF93b1pMTE1ISTUwejZTMi0wQW95YzlrSGtab2JGQXRJU0xiSVRRU0NpNGYxRWVEaVF3bGFQNmdLYjgxUHhiX256bi1tOFl1X3lLc0pQWC15YllDZFpJbTM4aURLTGMxTzVKNU9TdkpRT1I2blRRYjJrbHQ0YWw1cGJ6LUxFeXNIdVlPYTB1SDI1eEhmNEN6SkJadkVnaHJ4ZEpJa2ZCNl9YM2J2eW9lVEFZ0gHAAUFVX3lxTE9VNDZfTXpoRDRjWENub3ZaVmRpVFBMakdjUDFHbFJGdmZybTNKNXc3bTZKY0RYamFHTlZodTNsZ2RpMFVGVHNCS1R3d1hhX3Zpek1TN2ZUYTRaOG5la1h3c2dSVl9iS2JNYzRmV0I0R2YtLVlFXzdyMHpxQlp6WS1pUzlMcThhMWI4MTVxb2FTREdGTVlVUWhtWk9mazdkUVlaTXVudzM3enlSNE5feEpMT09td19PNlBFUGwyWjFFMg?hl=en-GB&gl=GB&ceid=GB%3Aen
"Larry the Downing Street cat is a little s***, says Scottish secretary",./read/CBMingFBVV95cUxNazlFYnNnOXVra1pQZVFZUl9KT0RfRGV0aWY3bmFFb3NpLWRYLXluVkQwelRhVjV4ajlqZ0VZVDFRYXRoRXgzbkRvOFJHM3ZZVHlndHZ1VnMxRVJ3SzB6enlVZVRxY0JHOUR1ZDhDVC1JLVNxWmpQSU11cElJN2FFRmw3TUs1S2VMaTEzTG85Q1U3bzJ6dW1KdWpNWUFqdw?hl=en-GB&gl=GB&ceid=GB%3Aen
"Larry the Downing Street cat is a ‘little s---’, says Scottish Secretary",./read/CBMimgFBVV95cUxPd0xMQzhTMi1uX0JVVEo4TnJYRFR6V0RRclRfRF84d2ZpZGhpd1RYSzZQeTJhRk5STDdMNXJJenZndGhWMm5RUlJyUmZEY1hBUVVpckFqNGNuUFNyRUV5VEFGX1Q1Z3JHcXJPMDhhb2oxZUUzelFDV1A2bFhhV240Zy1YNS01U1RBYmNjNVotSlBXNE51YjhGSkpR?hl=en-GB&gl=GB&ceid=GB%3Aen
"Larry the Downing Street cat is a ‘little sh**’, Scottish secretary jokes",./read/CBMingFBVV95cUxPdF94eVZBYTBLZzNhcTc3OFRkYWlVU3FYTjNSUDBZNUJfRlVnNWJPTXhCTUlIODdvVEVSLXJKcXg3OFlHeDYtNkVxLVhlOTVyUXppOFNUandrUnlhakhkT1l5QVJXV2xMTW5FQ3ZRcW93bklsTUVqM2hVLUpVbi16S25ySXhKM1RaWUZtdk1KZ3E3ZzczdnFCYnZuNW84dw?hl=en-GB&gl=GB&ceid=GB%3Aen
Famous Downing Street feline Larry the cat branded a 'little s**t' by Scottish secretary,./read/CBMingFBVV95cUxPYTlKdGlxRUtka0xuaTVDSmJmUmVaRlVJLU5UQ0k2UWRrY0xKN1BwSkdjVTBYUDRIVmFfNVR1X0E5ZEo1ejJRdDNRRWNadmpLcGpGNlp3Rk9Gcm1BUjVyZFBld2NGeDdhd2FhMnZQN0t5TzNnYTY5VTU4Zmk2cGI1MGNBQzBYaHdreHdSTEpHejNGN19ydllFU2t0clJBQQ?hl=en-GB&gl=GB&ceid=GB%3Aen
UK Government confirms City Deal for Derry and Strabane to proceed,./read/CBMi1wFBVV95cUxNZUcyam9OZjM4cDFYbVFhZjJrb1JQT1N1TmtVSUdqckJpVFM2NFFIRWxRU0F0SW5CUExjeEJNMnV3TFlPaWJWVnBwRzdwYVRka0c5Sm9JclhLVHpqUWRGTmtTVHg0UzZRV2tTajY3ZFhjZmhEX01FVE1pX05saTF6MndKUHdORjgtM1ZrSkstLVNCOEI1RnNUVlFtdThrN0VZUE1FSEpiWkxFT25Rc3VDaWwwRTVSdHE5aFJBTnRTSTNjV0xHaER5UkNfNzZ1dEhFS2xaandYWQ?hl=en-GB&gl=GB&ceid=GB%3Aen
Belfast and Derry city deals understood to be both secure,./read/CBMiXEFVX3lxTE1pTi1oUlRkUGJlOHdPUXJZSDVzSjhxXzhVUTg2VnBrSU5qdzFzRWRzTHR1SWREdUNpQ3gtSWNqaUdtZm9rMFhhMzJIa0JieWxDdktUZEktaVRrTjhs?hl=en-GB&gl=GB&ceid=GB%3Aen
British government confirms Derry City Deal will go ahead as planned,./read/CBMiywFBVV95cUxNS2VBV0NrVlp6blNQdGhHOXlHQ3JQcFNUUnY4eV9OeXdMMlFJZm1pTkVOdVFHOVpzUUNXODVpR1MzOEtUQ2RUWTgwdXNqZjBZZUNYS2lZT1JZOEtFWmNyZ1JQcnVNTVotdWRSUEY4V2NiRHAzeWZiT1lyd1FMbGJvaWN4dGR3ay05SExJWUNMNDRnaXVleFBDNXhFck5PSmRLOTFVek85U290UnpPUmtnQXR2a3VuZHNjYjZOVE44V1UyRTB3eXVwdzFMTQ?hl=en-GB&gl=GB&ceid=GB%3Aen
Two NI city and growth deals not impacted by funding pause – Little-Pengelly,./read/CBMi5AFBVV95cUxNTDVqc182ZUM0QVc1X0Z5M3ktRjVfWDB5V0tPdnFZTl9tMThSMzdMcG80ai1SOFRmdTl3emhrOGZEbjMyLVZEMGxwR19ISU5XUmJYdDE5a2s3cV9vX2hndUk2eGNteXl2SkNrOXVGdnRFNF9tVVQzV2c2VTdYbF83U041U3Q4SVdrbjBEZ0VtZ1FaWVYwazRoOW5wamFwN01EVnRPcWdqNzg2b3JnSzFYXzB4VGZWNFZlZ2N6WXpSZkdjS1JnRFJpMlBVNzF1RUp5NzlCMWxCb2kyeFZxV1JqUEpZazI?hl=en-GB&gl=GB&ceid=GB%3Aen
Man jailed 21 years on from raping 14-year-old girl in alley - after victim came forward to Rotherham sex abuse probe,./read/CBMipwFBVV95cUxOUWh1WWc4NmNpcmp5N3psb3RiU1VzcTYyTmZuUjNFYnhfZTB3cHpwS1RBRzJHdlREa3d0MV91dElDUG5zRkpQYVp2RmsyTm9xWnJuUkRfNGF0Y2ZGdHVyWTh6SGRrMm42eUhHQnpHV1NjTTBOUlUwc3RNZGt6dmlCdTMtdFYwLWl3bjI5OWJ6OGZZVFVrWHhDOUtKeVZhYmdGRElLVkdYOA?hl=en-GB&gl=GB&ceid=GB%3Aen
Operation Stovewood: Man jailed for rape in alleyway 21 years ago,./read/CBMirAFBVV95cUxNV3g5aFd1ZjNsZnkwLWd5aC10Uy1xeVNHcElBcFJmNEQ1ZEtSUWpIRFpzV0NqdkNFY2VJX1lvcXlmMUVFeU1MM1Rka213N2syaXlLdUtwdV9yUkg4OGNTRXNxUC1XX2ZTaG5KeXFINm1KcDBJWUtVakdZUDhoYXZidmNMMl9VeUVLbjhaYVI5ME9UNmlGX0NLeEtZUG5nTHJsYjJkZUMyN1VHNDhT?hl=en-GB&gl=GB&ceid=GB%3Aen
Seven men jailed for sex abuse of girls in Rotherham,./read/CBMipgFBVV95cUxNQnZOWWVzQTVNOXd5TUFIUlF6Tkt1QlNPNmNDYTByWnpoS0ZBSjVVQ2FKa2ZaeWlSMTdFak5VMFdtWV9Bb0NObnh1eF9BM1Z1WmNUSF9CdjVpSTIwTTZlWndLWjJOVERUU0luU29rTEZILTI2RlFSQ3dUbERwTjl5eTlLTWdha05YRzVPMURQT0VDN3NpZy0ybDVRYkU3aXQ0YXFRU25R?hl=en-GB&gl=GB&ceid=GB%3Aen
Man who dragged schoolgirl into dark alley and raped her jailed 21 years later,./read/CBMipAFBVV95cUxNNFlZNThvWFhlSkFYaUVBWHJNcjdoT2hGc04wb19BcUh3Vjhndk4xTlI1SlJzRkZoaUQ1VEhjeExzQ3Z5c3p6UXZRN2lVUlB5OVBpZzB5US1lWlBLTWc4VDFSajkzYTN2SkRKd3hoblpKdXlHU3ZyQmFHbUljNkNRV0d0U19KUVdtZERmcXl0cGo3VTBQa2JpbERqdzNoZzJMMm5ratIBqgFBVV95cUxOYUlKT2Exajg5T3RTRTRKbTZIMExzdkxpZGFYUHZnNEhLbk11aVUtRXRPMkVCUE0wUGZkQTlLUnZXaEY5QVczN083SUNmVDNtbmxVZ2liaVM3aWtDU2N0RW8yaXFJb0xocDRqY3R3R2E3UHBPbFl3b1VLQlhsOEVieFdGQVZTYnB0cjRkc2F6SjhHdElFX2dNX3RxNjJyY1F2YXZRMWJvaVN5UQ?hl=en-GB&gl=GB&ceid=GB%3Aen
Kevin McKenna: Scots had independence in their grasp but the SNP dropped it,./read/CBMisAFBVV95cUxPWGtodmhGNlpTSndoV01IRnpoUHhweVY3cnpqUks5bTVZaFN3OUR0LUxpNW94dmRxUlEyU2NzUVhjRU9VU0ozX09MbktWOGUtdGRza3dGX1FkMkMzS04zdU1JdlNJV1pUaVc3OGRObE1TVUdtejFEbmZMcUdVRDUyRDJVRnRfdUtVZ2l1SE9BOEs3Mkl5Tk5JbVBSck5rY3g0Rmx0a0R0REZXMkM4djFIRw?hl=en-GB&gl=GB&ceid=GB%3Aen
"Ten years after the no vote, can Scotland engineer a case for independence?",./read/CBMivwFBVV95cUxQb2FpWExkVjNOVVhkTUtxT0c2SkFGdTlZdjhGRllIaDJuaTJYYTFVYmVYelJrMUxNT1ZpV1QyblRTS01uSmFIQ3NCNG9feWxTWjMyZkV4Y05MYWhJV0xKaDV5NTRqWGx1bm9MbVdQOVRLMU9JVTd0dlNyNHNwY2JqNUhERzlsdTA5ckVFR1ZGUUREcmhqalB2c2RrWHNqRjktZTZsaHo0QTVHSm1VRnBuZ3FQUFRjUTZOWWExUnRhOA?hl=en-GB&gl=GB&ceid=GB%3Aen
"Scotland’s youth will be the ‘independence generation’, says Swinney",./read/CBMirwFBVV95cUxPYVpVMUZiYXhLWXA1SDNUOGR1aGpscGdxWkFITFh6ejZ3NXNBRlJmSXdTejFvVWdhREdOQjdpNEdYclRSNUotVThDX1g0SkRMWXY0SUJNZlQ2d1Y1dWRqd2p6UURCWVBTYmVITW9JeFJuREF1c2RBUjNkZTZDaUI4dy0tZURleUVHaW1iUVBRTUdZb0FUaEdxNi15VzdrSkJBbXN3YU80ajZmTExIMnF3?hl=en-GB&gl=GB&ceid=GB%3Aen
Swinney: I was heartbroken by referendum result but I’m optimistic for future,./read/CBMikgFBVV95cUxQV1E0SU9oaHFSSWQ2TDRIbDRpOHNSazZJaUFXZl93QUJQVFdNYk1feEtjOUZEOHhXZEJuQW96MllDYlNkMWxpLXB5WmVmbmR1RXVSa2VObmQ0NU1vSkUzU2traHhIY1J6MXJldGc1N3hkdmV5Nkk1T0pMVi1RVVZOZl9qbXg4VGI1RDJFQ1lZU0U5dw?hl=en-GB&gl=GB&ceid=GB%3Aen
Man charged with murder after woman’s body found in garage in east Belfast,./read/CBMivwFBVV95cUxOOENPTTdkVFROeFprRzY4bF9YS253ZmpKLUhRZm5kdGxXV1Y5dUZlN1lhdXN1cWc3V2phc20xRHllVjlndUNhcmltSGN3S0l2X1hHcE5UNHNkVURBVHAxOTBkLU5mSVJpeXZQWEY5UV9fNmd0MGZuQVoxUnlqcXZXT0ZZd1hocU9LOFplU0FRbDJ5cUxLcHB2dWQzRk95UHJZTmdZUE9Pby1qelZvcFctSlBWUzh0YXVKNmZIUG43MA?hl=en-GB&gl=GB&ceid=GB%3Aen
Man charged with murder of woman in east Belfast,./read/CBMiXEFVX3lxTE9yeGFpTWVHMk1idUJScExoR2U1X2hOeVNscWcwcjB2RjhXLU5GRF9MQkJPRHNUbE5hbnF1UGdqU0NWaHFocHRYSWpEdE45SUdQdlExVUZuM2M3Vk92?hl=en-GB&gl=GB&ceid=GB%3Aen
Man (21) charged with murder of woman in east Belfast,./read/CBMiwwFBVV95cUxQbG8tbEJ2WUg3STJSTE9wMEVYc25QUjdjTVcwZ25aUmJpUTM2X3B3QUR1MmtqYXp5OFlxSGJFWEt4MWpPSjJxT3BxV3BERmJmTjlGekhBN1hyU01kVnRERmVwUDF2NzllQk5vNnBISFFTLUlhWXhqWVZwOFQwN2xWLUI5Q2JNcU1JeUdfU3hHeWRRM1lpVzQwLWd2R2c3OEVFOUl3Tkpta09wLXptd2Z6RFlleDE4MUg2ZEFEUjJsN05UUFU?hl=en-GB&gl=GB&ceid=GB%3Aen
Man charged with murder after woman’s body found in garage,./read/CBMiY0FVX3lxTE81WnhVVXcza25VRW5ockFob2k0RmFVY01ZYVp0MUNDQ3VfeTVVcUpMRGVUNDlsbTU3QndNdEI1VzMxQ05KNXRTaXktdUNNRHk5el9TQW9fdWpxRHFVdUhDRk5Sbw?hl=en-GB&gl=GB&ceid=GB%3Aen
"North Sea output to halve by 2030 under Labour tax proposals, warns report",./read/CBMicEFVX3lxTFBGcDRrYWtVall2M2ZmSy1VUXItcjZZRzdtZWtrc0ZoM2pta1ZEdmZpa0l4bkV5Q3F4MHpPbzNFSzEtSWpvbzZZSWtIenVNMlNCOEYzYkE4a2c2WHd1c0t3T18wZWo1WXBSdXJkMDB1MWY?hl=en-GB&gl=GB&ceid=GB%3Aen
The UK is backing away from oil,./read/CBMiqAFBVV95cUxNYmpCcjZPMzVGcDJuWnhMdUVEZUtsOXJSN2dyTEJhbzRmRXBGY3Itc24tZ190VzROcFlLeEpJQnJ6aFcwc2JTVkZIQTVaalphblVJTmJhdU5EaDhJVmNBbnNoYXQ2SmRneHo5NUQ3Tjc2WWNZZnB0TmNvbzNTUEJReDNMdTBFeFJGcWg3VlZkT1d3R2Q4TEp2NTZwa3lHczFXX25hMlhoQUU?hl=en-GB&gl=GB&ceid=GB%3Aen
"Grangemouth job losses 'tip of the iceberg' amid oil and gas ban, union warns",./read/CBMiogFBVV95cUxNZXVJUm0tdWtfNjBNVDdseGpzUVB4RHpUNVktcHgxSUJWZ2dGSWl2LVJReFFCNlJQOWVGY29MOGh2ZndSajBWRjc4aHBTdmZ3NTJidjJ5MGhoR3B2NFNtNHpOblFjYUw2M0tla1FkY29ZdjBidVFWcjFCNHVHUEpIdVZlVmxTY1d3SmRmdl9TUks4RDQ5aElMYmpBZmtoZ3JhU2c?hl=en-GB&gl=GB&ceid=GB%3Aen
"New oil and gas ban threatens jobs, unions warn",./read/CBMiWkFVX3lxTE5FZkhEYzd6cF9zWDBhSHJiN3FCNkVNWHhSa3J4ZDFXQm11aG9KLWFrMXRTRjM3TzZqN1hxT2gxOGlFYUdzN3BfZ08zTjdodjJveUFUOVRYMjZvQQ?hl=en-GB&gl=GB&ceid=GB%3Aen
Ormiston Academies Trust to go phone-free,./read/CBMiWkFVX3lxTE5DY2xvakdod0FSdENfZGd6REZtNFBpdkVUVVVaOTJDNUo2R2ZQZDg2bDRIamRkQkE2MTVKc2h4TGlYTWpRT0l4RUJNQ1kyY1dDcXBlNUd2dmVDd9IBX0FVX3lxTFByQjV4b1lsd3NieThwQ1FKSDYtRllYbXozTXJxUmtzTmpSaTdHN3VIc1RwMWVaZV9UMUJVMmlSMzRaT0g5ZHFEdWE5ZlFZczRJMlVGV014MzhtTGZmV3Q0?hl=en-GB&gl=GB&ceid=GB%3Aen
Academy Trust removing access to smartphones from pupils,./read/CBMipAFBVV95cUxQUWRVUEYyMXY2R3lwQkxLeXJDV3N4NXpzdlR2N0VEb0k1YldRWnFQZ0Zxc3BVSHpVMUQwSkNlVHFLa2c0cWY2bVB0clVkRGtNTmVyaVdaV1F0RlJpLVZSbEllUUNvenJQamFBMVBtRUYwa1drQ1h3bmNQc2prV2R6dGYwUk91MU1lVzg4NDcxellTdWZCb2FZYUJuUzdHOFpmVVpRctIBqgFBVV95cUxOVmpOd19IWjBPc01fOHpGcGtac09YV0EwaVdvWDdSSkFrRnQtaDZnR2dTV1prOUtsUnlQX1lRWE85emFZU25xWDI2VEpicngwVTZfYmZKVTkwRWgwcEI1RXpEZG5iTVNjdy1xSHVVYTR3WjdGeFJENDdfQXI0UW9USEpWbEJVXzBvLXhPYlg5clBwYjdKQUw4REFkc0VnSnFHT1ZVMUxBQk40QQ?hl=en-GB&gl=GB&ceid=GB%3Aen
"Academy chain with 35,000 pupils to be first in England to go phone-free",./read/CBMivgFBVV95cUxOWl9qU1A4VTBiRVhjLTZ4QUZRcm83SWdUUGxzcjktZ3RTckxQNnZLWU1qU0NNLWxQcWVyWW52a0VhN1BwSnFENWxnY3UzcWV3WTJjY093aDVDYkI2Y2FmMUdkUi1vQUxLWnlhWEFWRmpjVnlGOFNxazFSRWdQZmxwX21BQ2xjakpOcEhjUWg4QXdZZVVmX2NXczlOZGhCMTBZanRIbzJFd0s4NUNfVFRWeU1PRUw0UzJDT0JWekNR0gG-AUFVX3lxTE56S000LURzRjVEWHlHYTd0RnJvRTJPcWE1ZmpJZGp0dXIzQ192N2hTR2Z2dkF2QU1wenZ1ejBCbVh4TUptREVwY1dHMGdJb2pEbXZCakgtZEtXczU0R0IxMkRYbU9Nb25jRXJGa0R0eFg2MkFzRXp1cU93UnRQUWZHanNXOWtPUkRja2ZsUkh0Z1l5RWhHbVpPbGM3QXlkNGdCWldObmNxYzJ1OVVMRnhNaHRTODU1dG1tWTVqRHc?hl=en-GB&gl=GB&ceid=GB%3Aen
Norfolk schools set to become phone-free as academy chain sets new rules,./read/CBMikwFBVV95cUxOTS1Vc3F0djMtSTBPLW80ZDZfZkJDZTA4a2c0bEhtWENOLUh2UUZhUjh2X3p5ZjhjenNRS0FBTjFaRnNnaWdQRV92cktNY2hhbTBoZUV6MzBjLVpja0x5RjlyZzRIaEE0LWhzTmt0UVo2ZnNjY0M5R29hQUdPWktsVVowcUZNZFNZNnNIdDRMS182MzA?hl=en-GB&gl=GB&ceid=GB%3Aen
UDA killer agent to publicly name RUC handlers at Pat Finucane inquiry,./read/CBMi1gFBVV95cUxQVnZxZjF4OVR1alZpLTk3dFdFdXBFRnF1YXAwMGY5MmZidEFjVEptbGtMMUE2cGMtSmkzUkUzVXFxbU15aFhJRDljc1VaWTlydW5XVjFTNm45RUtjak4yYk9DeUtoRW1tUVVtS282OEx1MUZoX3lBc1VTb3oxTHhKTHhabnA4c3JmYjhuejIyR2QzcXMydnRtNzRjeldJQ3AzNzVNMjVyMm16dEw4emlKRm5uRmI1MTJ3Z191REtnZklydGFGUHNIblh1dGU4ejhQQ2xaQlJR?hl=en-GB&gl=GB&ceid=GB%3Aen
Pat Finucane inquiry adds to questions over legacy,./read/CBMiXEFVX3lxTE5icEVYUlFSWG1xMGdBQlZ2Wm1wMThPQXhtcGhtRm5UNHBNOUNUV2dvSDVQLUowTWpCMXBpeEh0azlhNXpuQlVkbUw2OFd5ZWV3aUNiM0t6WUdfSmJL?hl=en-GB&gl=GB&ceid=GB%3Aen
Republicans are trying to twist the truth about the Troubles,./read/CBMingFBVV95cUxQNzE2R3FNQm55Y1VucjdJZ0V1RUl3V0lESkx4cWxETzJhLXhvdEFkeE9KVWJ5SGI0MU1fUk1VWU00Nmx1OGpxZ0dxeVFBVFFydkl5MVYtd3ZQeWtpVWFHX3hXOVY0NFZyeVhCT0NjaEF0dGtjMXZScnFUU2NlV01ydFUtbmRNZWxDZU9CY2xsOUtfUVJDRHltVFRnS3dDUQ?hl=en-GB&gl=GB&ceid=GB%3Aen
Public inquiry announced into 1989 murder of Belfast solicitor Pat Finucane,./read/CBMitwFBVV95cUxQWE45bnFGcjVoRzZnYll6U0UwaUxPdUd5bWF1ZW1JM05Rbkh1LVl3V250WDZaclpONW54X2Q3aHU4R1EwUnh5WWlYN043UktmQVVYUi11aDF6bFZoYUpWS0pJT0czYnUtT2ZPSVRRM2R2azN1a2lnMHFJS0dub0Z4ZWFqekRvTUNRZmg1d0lXdzhYcWJueDF3bXctM1FaVXlzN3k4dHV6b2xPYnYzbDY2Ql82VFp0UE3SAbcBQVVfeXFMTWNvaEtqNzllZ3Fxc2ExUnVWUFVFdk1DR3l4cUVpQ3UwRGtLSHRZUkRGUGNJTkhTTHpsOGFIUTVWOVBObVhKYmhCNkhId0J5ck5rM3hPdUxxZjNiYm02UlA2ZWZNeks2a2dtMlZ1ZHdHUzdpbFJMbVBtbzJqYUhlNUQzZ1QtMXBwVEtrTHdlNDVfazl2VE9mZjdLa0NuZUVPREx2ZWVHN3UxeEt2VW1uV1lwOXYweTQw?hl=en-GB&gl=GB&ceid=GB%3Aen
"Tharavadu, Leeds: ‘It’ll make you profoundly happy’ – restaurant review",./read/CBMirgFBVV95cUxOZGJtTUM0SnZkM182RmRFanY3djdya3I0UHFHeS1HcmQyZjkxdVJlQkdIc0xENXMxc0I3NnVXUHVPSlpDenlRYUdPRnlzRXhYV0llZDVLbWlxb1daTEhSUTZZSmFXcDNVa3NvTkhFU29sSGhIdFhxZUtxOEN0a1RpM3phZ0t2TVBPUGEtX2lWSTNmMTgzbEIzQ2VqU2lvR3VPZFhiOVUybV9qaDJibEHSAa4BQVVfeXFMTUVsSnpXTUhSN2UwZW41V2tLd1cxSkszSjZKQVdFXzRkOGdrN29EMEF6U3owa2JVRERCSW1heU0zQndGYldsV0M5WjExanBqTXg3MFlwOTNlNkJXVzRxNkNDcEhZX1k1aW5IOG5JNXE0eXFWeTBkTHlzU1hNSGRNUnlZZk0za1ItaUN6cXRZSnRwdlUtc2ZVRTBLa2xkOHB6XzNkU3VVemx1a0hrU2ZR?hl=en-GB&gl=GB&ceid=GB%3Aen
Letby hospital staff raised concerns about doctor allegedly working on ward when babies died,./read/CBMimgFBVV95cUxNWmtZdnF4WExlR19HOFR0di1qeWdNMnM2S0RvaEVXQ1FvbWt2UFpEeURPNHAwUWw2OFJESU1RamZhOEhNZTBKM29JREo0dkdhLTJoUnk2bW03Q0pPeVVVYVRKcGZKZFpLeHpST29XeE9QVER2dTg3VHhHakw4eTJNbkFkQmhkR0FNT0RrdVVlOEd4V3h3bzlGNnJ3?hl=en-GB&gl=GB&ceid=GB%3Aen
Why I believe Lucy Letby’s trial was unfair,./read/CBMihgFBVV95cUxNYzF4ZmplaHBvUW13RXJ6cHRSX3hqZnlXUkd1NWk5dVRSaFRVaC1QM2FxdmtveEdVelUzQ1IzcFpQSDFmVHJSN2lIcG85Q0dscmo1Z1BrVjNNUzhveHFFcEEtVmRFV1NKYlQ1NkQ3MEExcVkwQ0R0eDlNbDhOMFd2S09lWU1NUQ?hl=en-GB&gl=GB&ceid=GB%3Aen
"""Basic failures"" by the hospital where Lucy Letby worked had ""fatal consequences"", an inquiry heard.",./read/CBMitAFBVV95cUxQXzBpMElPdUdvejVLV2J6bE1LeVptem5fczg3R2dFNDhpSmFXNnQxQS1MMmxFeXJ1N0h4V21NazFEdG9INEVYY3FGWkhMOWZWMkpIUml5bFhrRFkxdl83WTRRdW1jME9maWc1WlFsQWNqb0d1Q2lnWG0xU3psb1QzcGxCcGtvWnQtZXBRN3UxWjg2X0N4d3pkYzB5SUdweDR0ZHl1TTdQVTdnZC1ZMTRTaWsyUzg?hl=en-GB&gl=GB&ceid=GB%3Aen
Lucy Letby: ex-hospital bosses ‘truly sorry’ for delay in reporting concerns,./read/CBMivgFBVV95cUxQLUliRGVXamNzQ0s2SE1jaWtsa2wzekJwTk5YdnlnVHoyVllvWDN6Z3ZNSzRMdFd1c0xEX1ZsVk5HSjc2M2xpSUJBeWktZzdqLVJ2QVJ5ZjVObFNZM3RuQVExMzlrVlptaVI1dkVSX004SVl0SWlpcTB2TktjaTY5NWNHX0NjT2l4V1dZb3pweTIxM2RENGQwWjJWYjJTbjVEb1NpcDhQVy1taEhmcFhhcGNqZXR4Xzg2enc4d1hB0gG-AUFVX3lxTFBscExTd3dGd3kzdWkxbmttRVlMVWoxZ3oySGhkeXdpdnJtUFhjRkFud1haZEg3T2tqOV9XY3VCWmlnR214RElTOEdjUkoxX1lnZ21CaUFaaHQxWXRUczlDcjVmdmttMm9wZVZKcW9VN3VzOGdFU1lENXpXbVZBbE9HUkR5Y3ZNTGpJUTlkX1JDa0x6MU1kLVVXTlpFRzFyMUxhLTNNcWlxOF8wRkxZMHMtUzFjZ1E4RV9RcUlFNVE?hl=en-GB&gl=GB&ceid=GB%3Aen
Man in his 40s in critical condition in hospital after being punched at Jarrow pub,./read/CBMingFBVV95cUxNdm1uUllwT2FCaG16U2lyaDE3cEFsdnBJeWwza1JoOXpUc2RVTENsOHlxOEUyQkRaNDZXVVgyUDNXV05WbWVWNWthRWFnSUZLQ1kxR2x5OVBKRHhPNjNwVjIyYVBReVg4X3pqQWhRMEFhT2VQQmZ3Z3g4MmlrUnhYaWItLXd4Q3RzdGlQNFgzUmVHQnc1VkQwSDJ5VFlpUQ?hl=en-GB&gl=GB&ceid=GB%3Aen
Assisted dying vote 'could be held in weeks' as PM backs plans to fast-track it through Commons,./read/CBMijAFBVV95cUxOY0dCMTFPMVlJM2VHc3MwUk4wLTZpR2ZnOFotRmRqYmpqeE1hcnRlbmlLMXNVLWU1YjB0WWdWQ3kxcExSdjdUNFFtcFhIZmp4WW1TUHdYYWhhRkdLSEZsZXZaeUV2RVMwd3dQVVJ6Y0tuVnI0Y1JLUUJTOVZVVlAzelBYdThGS24wdzgxZg?hl=en-GB&gl=GB&ceid=GB%3Aen
Letters: The Prime Minister must soon honour his commitment to a free vote on assisted dying,./read/CBMiqgFBVV95cUxQUjQyNXdtUG1NeFFqWEVpMlE4OVduY1p5aGdhMmxwS1E4NC13VV9iamF4b1JETnhBYXJEWXVZQmN5MUV0eFZDMGppWTlKb3R6dllHSzFaOUlTelVvRDZHMXczTGFnSzU3aHFSRk9KdFh5Ny1BQ1J0bjVPY2lmLXl5aDZNS0tWNV96YzVtbl9UT0pSaHMyY09jZTlhYUZWUHMyS1dyYjc1dnVodw?hl=en-GB&gl=GB&ceid=GB%3Aen
Citizens’ jury backs legalising assisted dying for terminally ill,./read/CBMiugFBVV95cUxNVVVaaGV5QVMweEltUWlQanRlMTJJSGlvcE1rWVBwVEdTR2dIYWJDX2Z6aFN4T1lmdmxjVHZuc09TelRHQmNLSkIyclFhYkJxbXpDVUNwV1pKUUZPOVc2c25TTHRZLWFMS3FuNlFMMVdjVnROLVNYc3R1dzJUVHlaQTdnUEQ1OElBYmJtU1h4UTExbVQzclpsV3pVMVhNMGpCX0lteFVqNW5NbHBKWkw0ODJqT2NBRXU4X1E?hl=en-GB&gl=GB&ceid=GB%3Aen
The Guardian view on assisted dying: MPs ought to consider the issue,./read/CBMivgFBVV95cUxOZ21CR3VNNTdWWGNCekpEYVlPem16ZEMxNXJzOW50ZjdpUC1mV2N5Rlh6c0x5TlVfZ3NJam9lMnJqemhQVUk3NG9sZGY1TGVGMmdyRjFrMWF4NzNIOWVsN0s5TGdnVHJJbWVCd21qNWtMOE53RUIzRWtmZUk4VUc5X2QyaUZqSVVWNk05d2Frdnlkcm1aZE82aXNJTjd3dy1vVlVkM25VcDFfSkNTY1VMaFVDTl82Qll1QnlCVGtB0gG-AUFVX3lxTE9DdHlySThDRDdQaWUyb1NpcTlGeUg1c3ItVWFDUWp1NGxOSmtNS1NNM3gxNkw4aC1Bakl3TC1XajlHREJVTndoR29uR2xDbE9SZDRnSEplWnk3dmhxMlk2ZFdVVkRabk14QmNxNTgtamlkdkFuWE5mS2lNNFBzUHl1b0lxc19WVTFFVVkwdFd4N3NzOFFtSUlqUllRM2w3VndBR1hBSmlDVkgtOWpQRFd0MnlQYjM1QjRYb3N5TVE?hl=en-GB&gl=GB&ceid=GB%3Aen
New text scam warning as millions of UK drivers could be targeted by fake message,./read/CBMihAFBVV95cUxNaThyWDNrRUNZenNIdzVrd2FfdHlXdk1YdDJOMEJBR0I4enZ0TTdYRmQtVHN4TTB0ME5qaHVXQUVfQjRlWjQzd0UzZkhDR1pnWGhwUlU5TmU2TkNTUEp6ZWhUSjIxX24wbHNQTHByQkVQYzc3QkZ3MmpxUlVhcXJpSm5udFM?hl=en-GB&gl=GB&ceid=GB%3Aen
Warning issued over parking fine text scam,./read/CBMiXEFVX3lxTE9Fbk96b1AwY1B1U3FXQWRhMjlLTVFSbmdmOTJ3UFlVaUVVOXdBUFIzVmpONVA3OGo1S01VUXFzaDVLb3JvWldUNXZyLUdrRlRTSUNpR3dPNTA3UGtR?hl=en-GB&gl=GB&ceid=GB%3Aen
Millions of UK drivers warned about new text scam that is 'very convincing',./read/CBMiiwFBVV95cUxNdnBnTTJKeHJHN2xjeFVPMHozZkhJaUZVcmdfRk9hbFdUMml4NGl5dHpROGhocElHWEtRTVhMYjBMMkFQc254cHBBclFrZTFkWFd0bWR2WXFkdUwwampuSUxNTXJMYWxFYk1MZ2ZnTTJTcG13QU0xalBDd2tJOG4tR243STZpazllOF9j0gGQAUFVX3lxTE5hQVNoMUM0eWtkTHpwd0lIN3VCOW4yQmQ1bU1aQUtBQnZvQ0x0MVFKS0IxUUcwUk90aFFiTUdXLW1qNlFQNGFwbXV5UG1wc3ZPR3JOVGpzdHBaRmpSSDhaNXJoT3JOSXltOGJYV1BRUEJZWEhDMnd0TjdOTzI4UTY4dHpsTkhidm45WGVwcWg2Qw?hl=en-GB&gl=GB&ceid=GB%3Aen
Council warns drivers of parking fine scam texts,./read/CBMinAFBVV95cUxPVFZiSUpjUkpxVnZmX1hSVU9YRlBuVXU1OE1mTmR0akEwcmoxS1pxVmE4R3JmRllqeG1QaE1ZeFdrSHBvbU1CZnlhMTM4SFdJUnVtNFhzUlRuSktaZFdrVEc1blFIa3U0a3dkS1ktNE5oU2MwY1QydUZJQ0FRVkhfNjZ1S2djLWpMM0FMTTZ1clFCWE4wZFhqWDdKSVM?hl=en-GB&gl=GB&ceid=GB%3Aen
Recap as explosions heard at huge ongoing Basildon recycling plant fire,./read/CBMijgFBVV95cUxNZmtxNjN4RWhsNkdZR3BoRmU3ZE9kWERGc1RMZTh4YXlyV0x0SHA0QXJqR2xfcU1YQkpUWVZsTlVRMVNScjVsX3hyS291UFpmdWExUlhwMy1hZDlKVm5pdUZ6ZGZjM2Z1SHEyVFFlYW1ZVC1JeVVKejVQVGg1TjZib2V1MGpMdDFmbkJOLXJR?hl=en-GB&gl=GB&ceid=GB%3Aen
Basildon: Firefighters remain at recycling centre blaze,./read/CBMiXEFVX3lxTE9EeTJrNWlIVFIya09qbktUZGFOR0huRjJUVGE3SHYzTFZJc0R0Z3FOVnp5RnliUHhFT0x2VlpkSWtWMnZoSVczNmxUS3libDJTRVMwbXBHeTMya01B?hl=en-GB&gl=GB&ceid=GB%3Aen
Fire at recycling centre,./read/CBMihAFBVV95cUxNZmxrQnkxeHIxZEpUN05LdWpaMGJTWm1FOFJ2N080aUhWZDJ5SVd2NW50ajlyWFk1ZHdjS25BQWpLWmRlYlFNR3RqNXlXdEZMdmx0OUVnR2pCaXZBLXFPM2tVNU0wT1A3YWJzXzRNaXlfc3VFQVBISF9VTGFXa3k1ckFlZ2w?hl=en-GB&gl=GB&ceid=GB%3Aen
Five firefighters taken to hospital after fighting Basildon inferno,./read/CBMiowFBVV95cUxQcGx0X1Fqd0QweFpIdGpwelhWaGJWWU52c21oSjIycE8zYnp1VU9BdHg1QTAxSWVVZzNlNTFaenlmMmdha1RRT2NmTVd0dURLYWw0c0R4eGhRblg0UjNXcFNjUVpQQVdVMHc3OGluakpIckpsMHZoaGd0LXJJWFpVNDNXTW5qN1pQNjd2S2p2NE85bVFQSWhlWUlnblNBdjlsb0Nj?hl=en-GB&gl=GB&ceid=GB%3Aen
Billy Monger taking on Weymouth Ironman challenge,./read/CBMiXEFVX3lxTE9zMWFCM2FqOGt1YUZhRW8yX0lBRVNFNEVwTmZfdWlhTVN0T0NBR3ZGVzhyY3NuZGZkVUZzendMZ3Y5VGxLSVY5SmlhRFVNTXktX0dYalhyZFoxVWhE0gFiQVVfeXFMUDl2c0lLcE13WWpOX0pkcnpadTdxaXRqaTJkZ09lUm9CRm43UDFEbS15eDFrcTNMWE5ncEdBOWs0Y2puWE1LYVpnaTYtdDhlbTlScG5YemhHUTZoMjY4UDlxRmc?hl=en-GB&gl=GB&ceid=GB%3Aen
All you need to know about Ironman 2024,./read/CBMikgFBVV95cUxOb2lMVFk1RTZqb21oemt1VnMtcXRNeGNYZEI5d053eVZvNFJYelNfaU5qdkVTYnZOdm1odzlqeEc4OEg5cEdRVl9pcnJHTjJTVTU4aUNWdEtfdEFFemRJNkJwTEtmbGFsbnJ4ZVF2Qzl0U0phbXIxbHo4OE1qQlFFX2p6MElsMUlFT25JSFUyOGhkZw?hl=en-GB&gl=GB&ceid=GB%3Aen
Road closures to impact tip access during Ironman race,./read/CBMifEFVX3lxTE1RdlFfVWRCV2tzQ0xESS11eDFnZlR3Y3BBTWJMeERXZWJzck51M3NITG5sQ3NuTGoyX09Gd2ZVN1J3a2RPR0h3SVRnUWJlQUpFcWpRN0o0S25lTkN5eW9xZWZEaFplQU1VejZ4ZmlzblZ4UWxETXVWWlE1S1A?hl=en-GB&gl=GB&ceid=GB%3Aen
Countdown to Weymouth 70.3 Ironman,./read/CBMidEFVX3lxTE0zck5udDYwQW5ocllSZ2E2QVpabDBRSkRSZ1JDbDJzOGJMR2RXdnBtVFBpWFp5U3R1TzhUa2QxM1lCMzNwZjNiY1VsOXl1WEJyRUtucjBoc2FvN1Y5RkVqRHEtZkVLUDNXc05qQWFSTlVUb2RU?hl=en-GB&gl=GB&ceid=GB%3Aen
The Siege by Ben Macintyre review – enthralling account of the Iranian embassy hostage crisis,./read/CBMi6wFBVV95cUxObkRUaHpqTm9FV01DcFBkQUI2T0FNV3ZDcHFpZkFjWEtGX2xkWHlTcWR3UHZlQXVJS3JGUlpvanZUQlVYQlEtT0RkaDQwbWZ1WEFhSkxPUmotMXF2VWZRRWRxVTNpTzdULVIyWEhFR2RBNnNNdVFycVBVRmd6MFZCQjZLNDRwNGdqVUNzNTVjUlBCNVQzMkhTbTZwMmNNWk5xX2tRVVIzSV96R2tlRk1BemxRTGp4T0txWWh0RnBKQ2tmNU01WnpDYkVfUXI2ZUs1eFJod0t6c2toenVwZ0tEQnBVenFGT0I4LWd30gHrAUFVX3lxTE5fZGpkd3d0Y1NRckR5eURyS0JpN00wcXZTS2xCU2ctblNLV2E2YnZUcDU4UER6YWs5Rjg3OE1Yb2VCTVpnTE03dzQwZ1V4OHRmYWxwRTR6dEZ6QWJxR2RJbmYwVF9JV19wc1JrTGkxRTM4YnBYd0ZLdl9ob2dRYVgyLXo1Q3NNMU50ajl6X0xOOEcwZWI3dm5CbWp6UmVxZ0NORjRTaGVDRVoxTlMtR2NZUXBEQy1OaHgzX0RFVHJiR1JEdXZpcFNzb1R3a2t5Wm5VUDczU0p1azF0WDNOcGR1aWh4WWNuRTJicUk?hl=en-GB&gl=GB&ceid=GB%3Aen
Broken soldier: The disturbing childhood and tragic death of a Scots SAS hero,./read/CBMiqAFBVV95cUxOVE1IZkgzRm5DX1VTa1dGVGdLRGtUYVhXd0dWbktabEgxRkt1NG15YXEwaHBJUGFubThFZzhaYWo4ejR5Tk1JQ2FZd2hfemMwcndYZmZWUVRwejRpN1lfUnBhV3d4YmF2SkZGREdJaDJwUkpBWktFc1VRSFdyYm5vWDNCVDNQdGpORkIxSmFMTmNJcGdWcFdySjhCS2Z1OUFyVmY2MzgxcDI?hl=en-GB&gl=GB&ceid=GB%3Aen
Sitrep: First authorised accounts from SAS Iranian Embassy raid shed light on mission,./read/CBMiwgFBVV95cUxNWEdvbkpjR2Z2ZzU4WHEzUURiYkV4YzZuemtsY1hqTnAybDItZnUxLVdacm4yYndnazMxZVNTY215UVV4bmUwcDJsRlNkLTltWTYybFhBNlVGRk9qU3NKNUZEdThlWVRkVzZiZXhZbTl4b2lSVkdqZWE0cEdoYVJMdGljRnd2ZnRzOWZIbDJrSWJCeU03RVZGY1JUaGJHZmk4VURBbDJIeDNPUm42STJObTBveXNQeEt2aFUtcWlkRExudw?hl=en-GB&gl=GB&ceid=GB%3Aen
The Nicest Hostage Takers You’ll Ever Meet,./read/CBMiggFBVV95cUxOQ09NckRVWWR6UVJKSll2SzdKWnpqSUVDdzViNkdiMURXTEFXUXdUQWF2cnRfWE51QXlIVUU2SVRPZWNNU2RISy0xcUtnS190M3RqX1Yxalg5V3cxbzQzTXEyUTR2NmR0d2xjWXdWZWdBUE1laTNoVmhaUjRuSWkzSG9B?hl=en-GB&gl=GB&ceid=GB%3Aen
Middleton pub fire LIVE updates as crews tackle Assheton Arms Hotel blaze,./read/CBMirgFBVV95cUxQSlRyV2pGbVFQV3NUSFZ1bE4zZ1pFcFlfSThvMFM1WFJ1TWduNUlZcG82RjVib0FYYUplYmtmQS05QlhFYmliRVNJaGk5d1c3Zlh4cEl2ZnNNc2NGd1hDdkZud1ZKT1lWUzRUUVc4Tnh0N3czV0ZSX3gwTEJibjZFb0U2a0lLQkV5Vng5NlRycHBxazdVYW9PQTlDZzBHNmp1TG9xRWpRWWNpOEV1M2fSAbMBQVVfeXFMTVRfYXg1eGhVRWdabDQzeWxBY0M0THN4RmFldHJIOUVxYUJjNFQtbGhsNHBiRnVVc2NWRmxCNXk1ZjBvN05WZ24wMEVTMHUwbUFUN1hPb3hVNE1tR1hRMmFuOEtYa1phVjYzZDdlS2hhY21ZTlp1bEw2ekJjSFd3ZFdYRjFnanZOem1WOWR6bU5MclBUYXliR2lUTmc4R3JpTVNfUWdvT3g1WFk0d0wxTU5HaDg?hl=en-GB&gl=GB&ceid=GB%3Aen
Rochdale hotel fire: Arson arrest as one person hospitalised,./read/CBMiXEFVX3lxTE16Ums4aDVKOEMzT3VtYkxJQTZVZElwaFluaVZlZkZrRW14WFJ1UnZxNzNxQ1hMTUFMRXloaTVpQWsxc0RBcVJRd2kxOFNEMVVQN0tIdWdPX1R6SXhl?hl=en-GB&gl=GB&ceid=GB%3Aen
Person in hospital after Middleton Hotel blaze | News - Hits Radio (Manchester),./read/CBMinwFBVV95cUxQZXN3dzRKdGs1bC01ZWJ6Qm52ejRtTEEyTjNkNFlpb0ZWU2l2UzJkZ1Y2R0JQSHV1U0llWjFQZ0xVMDBwY2wzZVFxT3BhazAxOVlKOUY5RFR3UGY3c1pLbEcwb0tRbjdGM1NxR1Zvd2tlWVRuTWxzVmlwYy1Cb2s3THplVnJlSTFYNFRLUzBTV0o0YWVZeXZNTGZiWnFkSW8?hl=en-GB&gl=GB&ceid=GB%3Aen
Fire engulfs Middleton hotel which saw people 'running' and one casualty in hospital,./read/CBMinAFBVV95cUxPSEVxRU85V2VUV2cwUUFVRFBFNmpHOVN3NUFVRi14UDRCWnd6ck9Ra0tSM08zTlRuV0lnMTFmN053emNoVWcwS281ZDNsck5iTlJCWXZrbmNmdXlFeVNxNC1QSTB0YmFWV05XRENvajRwSnVzSnlQYjIwNWdVVmM0eFVTTWRLQWN6c21FcUNSbDdYSlZ4REViZWdlME8?hl=en-GB&gl=GB&ceid=GB%3Aen
"Putin expelled UK diplomats because he's 'desperate to avoid war', says ex-ambassador",./read/CBMihgFBVV95cUxNQl83c0xiU3VrR2dvRndIS1VUZnkzNW94azZIcXRhSG5ySmxYc0xEcE5CSTlPSUpiUE51cjdLSTU3MzNRN0pHZ1hfYkIyWHM3U2NuRU1aZ1RuYmltTkd1VGw0Y3JuN0RkZVB1bU5BRVRwYTFGSmtfcV92WVc2REgyVVpKZjFXUdIBiwFBVV95cUxQTFRQUk5VU3RWVjFzb1NXZ3d2MEdnUk5wb2hYRHlCSjRNODUzVEh0eVdMcDJzY29FeWplOEhkU2dKQzB5aXQzRWVOclp3b0lBZDNUZFRUUFBGQldTMDhPYzNicmFmdTJXbzA0WFJzUWtzQUpfMFZVbFdVdXhaUzQtdTR5OS1JRUs2aDF3?hl=en-GB&gl=GB&ceid=GB%3Aen
Keir Starmer meets with Joe Biden at White House as Putin warns Nato against letting Ukraine send long-range missiles – as it happened,./read/CBMikwJBVV95cUxOdndQUlN2MzZWdDExYXgzRzQtdFh3Z0JFTkU5U2tramZLQjA4ejdTWHp5SjRlTlNlT19CSXNDZlQzWnd2MEZRMGczbXY0a1lfRmJDWWFWcUZ4cE83NUgwN2ZEdkR1QWxHbkFERWpxWk5GdWdEOEhSeWJ5T2VNaUgyUS1oVWJ0OGFCdm5BX0tHUVJhS0pkVHFXcTM0S21xMzZsMlN1Ump0NU5JSXpsaC1rejZ0SFlPdmJ2cmVQVUg4SjJYRlNvamlPbFVUOUFYV2x4WnpZcWMybXJRRk9EMVJacXZGSWRmUzFIUW5NazRnMDdBZ1FVSEJ2RWExZHVMMnFLdzR3SDJDSmJITHB6aXlQbm1ZZ9IB3AFBVV95cUxQSDEzcDNHZTVRYzhwdDlldURTTGNnYlpORk80eDVPOEoxbGtBMHdOTlkwQUcxSktKTkxKRm9QRGJBQmZFVWZNMlozeVF0Z0Fhc1B3N0RlMXRWWlJzeEFBY2s3UUpwRUpfMTg1S0dWUVhBZ0s5LU5TWEJGcVB4VlY1MmotdGdWaXpGY3k4OUxEcThhc3lJLXA4Sk1xQ04xVjVmSW1NS013SGlKNXV6OXpZUDJ0c1hTeGxHOVE4WG9mQjQyOHZvQTdCOVNQRXVONHdPLU5hYU04SllZa3Uy?hl=en-GB&gl=GB&ceid=GB%3Aen
Russia expels six British diplomats from Moscow for 'spying and sabotage',./read/CBMiqwFBVV95cUxNaUlQSlpyYUF3bHhweGlfNld6azZmNGRoNHhSN3p1cTVGTzBPd1Z6cHVZdmlNU3VpYnR3cndobVh3ZkxHWW9zX0VqNkIwLWJnTnU3SDg3OU5vZllnS3RLRWdaQ1JDN01xbHRQZjgtV25pdEh2bHlsMG1lYmVMSTA1MnkwMF8tYXdGSVlTdFB4TXJ4SlZYSWM0Q2J5ZmpuRlh1MlpMRHB5VDBIMmvSAbABQVVfeXFMTS1ELURiLWZXTEFmN1pSemVfSTAwcklBejlFZHdGbmR4RTdBRFJUYy05a2Q1QlBEekh5LXBkMWtGa2F5RnVMLVBydWpVWGxTeGF6OTgtZnBXX1p0azhjZDM0OEh1U0NZNGMtWWlQU1psNkVyYVBPQ1N0T3pHMk84NkZPOTVBeFVycFhkMEIwQzByZ01GYmpuTHZMRW9fYU41UXlOb0VoMC1kMWRpNGM1NEs?hl=en-GB&gl=GB&ceid=GB%3Aen
Russia expels 6 UK diplomats over spying allegations,./read/CBMicEFVX3lxTE9zWmlFUTBnNGd3anQwekNYZEQtWDlSakhMRGRyWDNDZFVUdXVIUUxsZlJqcDU1dGx4RzdldGFpMTUwejdIdWhYM0tZOW1MQkliUzZoOUdZQzV5WG1fak9idklDa3V4UDJFVl9Edm96RGs?hl=en-GB&gl=GB&ceid=GB%3Aen
‘Counterproductive and silly’: 30 years since the end of the bizarre Irish political voice ban,./read/CBMi1gFBVV95cUxNWHVhSmZ5bkNCbHc1bWFYRzVfbkxldk5CZ01VX1FiSkRmb3hQYWZxV1hHSWNMRVNjWTRVLS14MTFicDJ6eGdmV21lUGlNZWVZUHFzYW41QzFtazIycDY2RlpyS2N3YXRtNDBsekZxYTVNb2REdTBjNlpkZTcySzNtREtqV2w2OVNkRDIwOGI5akpLQUxoa2FnajJpNGVLMDU5RGwySFY1Ulkwd281T0JZMUxjVmtYaTBaVWpMbUFJZG13UHJEelN6M0tCbU82aWdYNFFFSVJB0gHWAUFVX3lxTFA3YVN3R3B0TFl5SVNUcEhVN0stSkYzMTMxd0JORl95RkdYLTJKUUdHNUdzMXFGR3VfQmxlenJmaVhRM2VOekFuWXFqelZ5amJySENPc09aZ3dtbFhCSnd2a3NINDJqbnVQSVRGbmFYZ2R4bVRXS0FWM2wzVlVEbG1idEJOa2Q5Z2t2Nmt5aWl4UTJLR1lwc3RPR056THJTbXREOHc1Yjh2LWxvbm92NWxCQmFaWERjSWlRTWNCSE1oVEFWSnJjSjh1MGRDTVRBeXBKQXhTOWc?hl=en-GB&gl=GB&ceid=GB%3Aen
Teacher who held coconut placard of Sunak and Braverman found not guilty,./read/CBMioAFBVV95cUxOMVNuN1RoS2FGX1hZeTNMYmdQWk9zc01MNnZwb1hubWt5U0tOd29RTUlYemRFQktrQnBBRERWMU93b0ZxZUd5c2pPVjJLN3U5VkZTbVJ1SWlwcERyaEFjYVdTWUJ1MjhtRlhfdUpkTjd5cmxHWjFwNlpwdHV2cnFfZjgtMU1zaERMX05hZEpNdXFEMU80QTc4OFFoYWlHaHNl?hl=en-GB&gl=GB&ceid=GB%3Aen
Marieha Hussain: How a 'coconut' placard ended up on trial,./read/CBMiXEFVX3lxTE9FZXotS04wU21SNkM0ZTdkUld0RW9NVFdUS3pBdDZpeS1RSTVHSk1waDhOY0tkdWE0eHZfZVZDdTBxYkRmc2U0aEpITHlHQ2tyYUhhMkN0SVRERDRN?hl=en-GB&gl=GB&ceid=GB%3Aen
Woman cleared over coconut placard of Sunak and Braverman at pro-Palestine rally,./read/CBMirwFBVV95cUxNdWc1R1A4U0w4S3VYdWFXRUJpZGVCdGVMNnJONFRlZEdCUDhEUjFFWjRmRkVHcVBaVzVKMUhsamFoNTdNM0EtWWlkeU9ZTVUxRDItUUlDTFJ6Z256a3F2bC1heHNjbF9SZG9yQ2V0Yi1RZ1VncWxWbjh3M2g5bEdGTWtPZGd6SzkySFZLank2UmgtdnJKaVN2aVNzUDBfZzlhaEk1ZFBJSnFNaVBIeGVF?hl=en-GB&gl=GB&ceid=GB%3Aen
Pro-Palestine protester cleared of racial offence over ‘coconut’ placard,./read/CBMixAFBVV95cUxPYWxFUTV5NFllVElEcmtzb2pHeEFORDNYMV9iOFhLdWdhVWY1SDdEUlRvQnUyMXJfNWFneTJ1XzQwM2I0eEJ3czRTRmFXbzJ2RjZxWUNIYnoyRzJianVnNmc3WU04VUZmd0pOYTgtSVkzaUlnWWFVdTJJM0gzWDdsUTZCdi1LSmVNNlVqNEtIYlp1bUpLZE81bnRuSC10RmFxbFZ5ZG0wZmpjYnVpQTRyRXNNcWdrNzhORzl0Qy1VVGNBQlBL0gHEAUFVX3lxTE1aektIVzBNakdBbFQyazBBZ0FoN1gwdTZJWWVBM09oT3BYUEI2eUIyTk8wWUdEbklfWVZQQl9NalRzOVcxZFFwOWZKdWNPM0d3bzNYU1ZGb1N3MDBMN3JHcUgzWjRVTTFpbTJLQWpYWm9ZZ2NuWmtrNzJlb3FBYzNMcjNJbm9OR3RKS3ZnQy04ZmJLdXc1Wko0aGtwNFMxRkxuSGxtX2FZdzZBNW5JZFByTFU2a1hpdnRqblY0N2tPSHdZNEs?hl=en-GB&gl=GB&ceid=GB%3Aen
UK weather: autumn chill forecast to end as warmer conditions return,./read/CBMitgFBVV95cUxQVGI5Qkw2SGw2U3lHNTNGS0dYdzUtLS1MYmJfcldxTE43YllfNEhncUJpd2hMYnNZMlEyU0JocFlGZjJ4bUVZNFhHUURRWl9ORU5pV2EtX2x1Z21waTkxVFZjQXJPaktoV1drdVpaaS1oeFNYZF9tejd4S3M0cE14b2prdm9EYXpjeWlIRXdvNkxCMnFVd0pjTmlBSlB5eVktSGw1TVZLRV9CUHVrSWNpT2RJZHhuQdIBtgFBVV95cUxNbE5NZC1BZHBuZC1Kc1FzbWhydFZPdEdvNE9heVZBVm1LaWt4WDZiYkdiSTZiUGVWMXlQRVp5U2JSNnhfUVRXQjZUWjhmekNXZkNLa2d2VjFObkI1b0lnSGJwdjN2X0d0SXZZUldFemdqejZ3T1ZRTDF5cXJkYi1rZW9OaS1aM2QzdlpwbldzajM2SHhpd3RBaE9OVXM3eEJKcjFEOTdhUldLNFppNVVOcUwwV1l3QQ?hl=en-GB&gl=GB&ceid=GB%3Aen
A return to more settled weather and an increase in temperatures,./read/CBMi8gFBVV95cUxPVnVIaVZ0UzM3WG1ob0pyVE9sYXItdXUxdW9vZ1hSWnVOMXNMaDhISkJRMy0wclRLUkMzYlBXazBhekZjZmQ4WG5CNjJDaGlGb1Z6RWh2SjFyNzB1VTRucmJmWWMzR2R3SjNoN2Zzc3ZKbTVZNUFrOEIyWW5fOXN6RDNGem1oWFk0TExfWXR6dV9RdF9wTkgtRHNiM2YxUW00WTZyMmsza3Z5dy1iNDRWX1pZN3M1YXc4dGtUWFZpWm9EMFd2ajlJVExUbUJvdXFQdHBEZGlPdV80cXVDWjJKbEdpeWUtdWlTRlNXbF8tS0xHdw?hl=en-GB&gl=GB&ceid=GB%3Aen
UK weather: Arctic blast set to give way to a warmer weekend,./read/CBMiYEFVX3lxTFBzd3JnNXI0eHE1djVTZERNdjFBaE53My1sUWhwS2pEM1cxS3dKWFlCMkpJQUNCdHF1U2lsNEpMSWNSaXhCdEdnbzltVHJ6QTYzS3doTTU5cjBOcEw1YUE0Nw?hl=en-GB&gl=GB&ceid=GB%3Aen
People return to UK beaches after cold snap gives way to warmer weather,./read/CBMikAFBVV95cUxOOXFHQ1BYVWszZmhkd0t2QWsxd3dGNjZrNUF4Y3NsMGxFeUpXbVZEcDQ3eVFmUDdqUHdNM3g5Z2J0WXJkVkRZSV91MThSekROeDdyTG5GLUdac2dFMU5YWUZEMnU4YnNBNG1IWnhIRXlWNkdseHNCOW5KSk51MF9jQjJmTXFDVkVhYzR5YllRNW4?hl=en-GB&gl=GB&ceid=GB%3Aen
Cemetery police scene LIVE updates as officers swarm street after 'remains found',./read/CBMisgFBVV95cUxPNGNiZEEyTWd6UTVqTG1ZdmpoZFItNjlMVE1MUC01Yy1vU2ZMMVRhZFB2NFpFV09sN2lLWHZYTk5LSDM0TElwZE5xM2hTOHV5XzVEXzNlUEEzcWdTNUh3aHc2WExRaTljSzJKN0szeG12emJaRnZyN2tEaV9QazRvdndsVVptTWJsOU51VmxHWkcxZXRtTGZoYWpPZmJNQzh3UTNvc2tjVTdhYmJMdVNnN3FB0gG3AUFVX3lxTE9ibjZXczUtU3ZVc3hLNlE5Wjl0XzY1VFdWa1AtdFBHX3JYLTFPYW5QbDdELVp2c0szczAxTU1oZ1Q1ZHNta3NRLU5IVDVWUm4wMnhpeDFJR0RlVVFHLW5Xa1BpNWNWa1F0aFNHWktkMjI4QmpIcHltU0ZBLXJFV0hycGZXWVkzQ0pwSjBSMU9jWDhWMEZYWHVSelRXU2JzUS1SYmVvelN6TGNDZDVQdUlVUER6cjdMbw?hl=en-GB&gl=GB&ceid=GB%3Aen
ANDREW PIERCE: Labour's Jobs for the sons and daughters,./read/CBMiigJBVV95cUxNYldSWUtLWVdKaHlQTk1hZl85MVRUZW5CbE9SNklWcktrb0hrejk4aWcwZHhXZFYxd01QTUZoLXZmYm9rR3NkZVN4c1RsT1BuZzhiWjBXMkpWZFc1VmZucTdiRE9RMzhWZlBqTFp6a0JWQXJfYXowUE94ZW41TktHX0ZRc1lZRHEzR1g4dUVRYlJ4dnVvcEZuMllYZEpjdkt0Tm1QdTYtc0NRUXRySDRiNWx1SU81TUtmMzcxYjR1UHRfY0ZndGEzMzM2OWsxVWV4V2Q4MmxqZzVQLTNKZWJCZmxHODdUNEJFR0pYSkZRVkdSdmh1TTA3NFVTTVgxSzJmRklIWmtndzFnQQ?hl=en-GB&gl=GB&ceid=GB%3Aen
Sex worker was paid £24k for four nights with one client: Court hears details of NI prostitution ring,./read/CBMi-wFBVV95cUxQQzVfWFY4b3ptVDRDb285eFFhbktPeUFCaThOM0xmVk9ya1pNU2xHN0p4TVR2eVJpVzlaTEV4VmtCN2ZfOTE0TUVjdmRyZ2xWajA3YXRuTnhtXzQteVdRZ0t4bzNPR1YyUUJRRC1kSTI3NmZRZExQWDJ0bFo3VHVqb0VCRHk5ZXBJSWNqZHk4QXZDYV9YTHZkMHFlZ0lERS1EbWgwRGtXTzVjMzFQNmFRckJfX0NiaklZNll4Z3NTeXRaT1hZc2NVSGVzZFUyUkFHWEJ5cmVXMksxRkpmamxLSXJocVEzTHEtOTRjbEo4dUpXVjloN1dHUS1HSQ?hl=en-GB&gl=GB&ceid=GB%3Aen
"Financial leaders and party insiders warn Starmer: we need less gloom, more optimism",./read/CBMiywFBVV95cUxPR3dWeEVzT3dyV05GU2ljc0o3SGpRRWQtNjhNNEticWRpR2VacFdaYXZPazBuOVF6d2kwNTJzZDhMTXB6NDlvWnJSaXdUVFVvYzlSS2k3Zm1LR1dmbHZiN3l6SXczWjJseHVGd1l2dm91dlM2eGxZRkpOUVFrME45eWRpdW11Qmd2N0ZKM0FWc2cxQXBaYjQ1TGVTd0dLUXRzVTItTlpOSkFyZ0dKbWRvNkIwdXppdGhwZDRkOWpWemZMN0VQU1ptZkFNZ9IBywFBVV95cUxOLVdBTFVWV3VsOGxQNVdUUElQb0F4XzI2VGlfM0RhbXJ5VlF6Wl9fSUh2eHJIUHNWVVA0QlJjWlowaU5wNVNlbmRhNlZ6WjV2QmluaFZEcmtMbXNzMVdKWlZ4Sm9YaDJjQTFrUXpyUkM1M0VDOUVSUEZFc0Jkdmp5Z2lRcTdrd1FIUG5samlrbHZuV19PWEIzUHBqbzNXNVF0eXktT0M0OFpGb09OV3cxd09wVEUzR3RyalF3dmQ2WmFJWUJhUTRVc2hmYw?hl=en-GB&gl=GB&ceid=GB%3Aen
The truth about Labour’s economic doomsaying,./read/CBMihwFBVV95cUxQbWhkcFZjVDM4NnU5cVEyb29WbjQtZHF4ZnJWVUJLai1OaG9EbVFETXFhRk1yUlBHVnBiX083elRlYjZFY1dySmx0Y3YyYm5yY0pnN0VDQ2FnanpQb0xIRTZsM1JDT1JfQ00tcnlpbTdEeVM1QjkyMTBhdEJpdlg3c1NSMTBhMUk?hl=en-GB&gl=GB&ceid=GB%3Aen
"Labour risks taking Britain back to the 1970s, warns Sir Rocco Forte",./read/CBMipgFBVV95cUxQRWpUc0p1LVdtM2FtcjJla0ZOdmx6WkV2WG5oTkp6LXBMdUNMR2FUMDNKR2NmejdCYnZmSHlNZHlWdzJ1elpiNTg3MloyczlCZm82Y1FKSkxDamotaEZyX2kxalFMdlJ2RW5SaVk0bEVibTI2NklHQVM4S1Q4QXhyN1gzSEVXU0Jlejh5M0RkYXphMjZPLVpDLTE5TGRWbHVwcUNWUGZR?hl=en-GB&gl=GB&ceid=GB%3Aen
Labour-supporting millionaire Iceland boss blasts Keir Starmer's 'doom-laden' economic claims and warns Rachel,./read/CBMi1gFBVV95cUxQdjBOLVI4bWRDVURFX1ktMFJsZS1lY3RlOE1ZazZla1hGaTN1Z3EzR2pXeXZJODhXeE44akZ5bGpuSzUyN0VvNGg0blAxWTFqbE1wd3NRYUJHWXQxNk1BUVNETkhxNlVVOVRoRzVnTVlsRHByM2c5SmFnWDJ5LXBkM2NPV3F0TXZ3UGZ4V0Ruc0pLLUJzc0ZpU2c3NVlQWFhuekxsMlZVd09LaDA4T2F5c0lWS0pyQzBoY3o5S1M1Ym1MWU9ic3NmMmNWd0hiOVlhbGhRUmRn0gHbAUFVX3lxTE5fOWNxTm0wTTQ2LTc1WkVReXhKaFEtVU9ncG01M0V0U2xPY012aFJoSG8xWkFLNTdHTF9YR0pNVVJOTzBlbFNTT2ViLURKQS1xRUFTX09wdVJ1clJ5cEFMQUdleHpNcVVtNVVyenpHTVBUQkp6TVQ3WWlLeFU2TlJYc0s1WXdSelA5LU05WUZmWkltX3pJY0I4elo4OGpSb0ZqdmNNT2RUSzJydUZVcm9GQmhabXdKMVFxbUxobzZEcHZTNkwzU1cyUldqUW5VS3NYVmFfTzVGVGNlUQ?hl=en-GB&gl=GB&ceid=GB%3Aen
Sir Keir Starmer has become a national laughing stock,./read/CBMinwFBVV95cUxNd2t1YlZDMUY4Q0lua1ZpVlZ2VVZSNDRkZ3JWaGpwVUxCVXRSTi1EZ0hQM0htRE5HYzkzMFhlOC1wQ1VRY0JIS1A4bk5KeUNlS1RvbVdfMGdMVVFJQmtNdHRDdktER2pCaHRuajhsdkNkakM1c1FmaDZFcUJ1YjJfd3pqMHZCeVR5eVdGeUs0T213SlJYVm9MVm9nV0RLQjg?hl=en-GB&gl=GB&ceid=GB%3Aen
Fall in public favourability towards Keir Starmer and Labour,./read/CBMikgFBVV95cUxNT3g3bHhEdXdyMWs5M3p2V2hXT3F3ZFI5Ynh0ak5Va0R6Y0tUcE4tNHl4QmJwR3JneGl3aGwzc3F2LWhrVVNiNmxPdFFvbF8yNVdjNnRxQzVfdVBFbHVsLXJBcF91T3dZYnAxSkxMNWQwSXhfRUFTYzloMVh0RkxhbU5VVEdTSVV4RkJiRmpubDVQUQ?hl=en-GB&gl=GB&ceid=GB%3Aen
"Starmer says rebuilding UK means painful decisions, not just ‘a lick of paint’",./read/CBMiwgFBVV95cUxQNnJxbmlSVTFHVWNrTDVoYVYtR1c3dVV1Y2xqeG9YZVBKcDdiS0VLNkYwVHlHZGIxUGk3Wi1RalZIdXJLanFDbEtPWlhSc2ZNWHBVVEtGd2xJS19BNHJxLVhfdEhfNjI1dkZxZDZsMUFTRFBrWGk5SlRBNEs3NjZSN29FNlhKR0IxQUJGQ3JFd2JLX0txVE9QXzNsTDdteXdCbDFaOXN6V2tvdHp4ZU1yVW1hbU5DM25EVFZsWllvOXdHd9IBwgFBVV95cUxPanFON2pvWTVLTDg5bThsZ1daUW9pVnRfMTlGWDVZZ0ExSUhmZFUyZHdWR0M4cHpsRmZzR24zZTYteXpBdkxhdEpJTUEzQzgxZG0ybjcwM2lrbURESEZYTDdLaEUxR2IxTW4zcFQ1OEdiVHJvbTBHa2VOcnpVMGlUQUczb3hnTllTSnYtUUM3dnI2c1lHbHJ6R2JVN2s5cUNvVVRNUWNMVDEwdUIyd2x3Y1RTdEVJLTYyTHU3VXhXRFQtQQ?hl=en-GB&gl=GB&ceid=GB%3Aen
Starmer ratings drop in polls as PM in Biden talks on Putin missile threat - live,./read/CBMiugFBVV95cUxQQ2NvQXAwaEx4ZW9oNE4tSUkyUnJESFhsMjAxSGwta3BrVkhIYjY1NWp6LWVGZXY2LUNUc3JySWQyNE8yV2NTYTI2aXZJWk41U0lWQUNtVERCTGlKMWN4SVgzNzhRNk5mQk1POEE1dlU1MTFGY1FrV2FNVlM5bncyWnZ6dFhBRVdlS1c0ZnJrdVFRUjg3NWxUZTZUQlhQRGhyNHhMU09xM1R4VVFGU3ZyeFdYTzJJNUVHc3c?hl=en-GB&gl=GB&ceid=GB%3Aen
Man dies after being hit by police vehicle responding to emergency call,./read/CBMiqwFBVV95cUxQNHJ0RjktRVRHUzVGSU8yaVlYaU5DcjVWNGZwNldSMktGb1hoVzlZYTMwRUhsaHoyeEt0UDNvc19tXzBmWDY5NDhocWhwMXNzcVFzN2FaNGdlTnZyby1YN3dfV2RJQXJWaHJXbXVhQU1qR3JQbnROT0RHejBLMXVxV3hwOTljbS1fT09IWlF5Z3VYUTViNTJQemdLb0MwNG1mX2Q3Y2FRcHZnSGM?hl=en-GB&gl=GB&ceid=GB%3Aen
New photo shows extent of major car fire that brought A5 to a standstill,./read/CBMi3wFBVV95cUxPNnFaakNhUU9xUUJxYnV2WmdvbzJFTzQxeTNReGtHOWRXSThvbnRlRHBfMVc4ZjlRMjVXcEtIZ3U1NDVpaHJBQUF4OFVUeVNjTU9LeXdsb3F6dzFLVU1vNE1DOWRzYmx6R2MxWVpLWERqcjFTbHNReEEyU0ZnQzVac25GWGstNzd3NFdnTnRTclRteDBIQ2NPam9oRnRtc0k1VHVrTWZCM0tXQnBjODAzTVZSWFZFU3lLMnRicmFESVUxY2x2c2NZNi1rUjhDTEhZVldLeTk1eE5YS0FoODdv?hl=en-GB&gl=GB&ceid=GB%3Aen
"Hair loss, nosebleeds and Taylor Swift: How I coped with chemo",./read/CBMiXEFVX3lxTE1vWmhnelhEQzdXbnhSTFN3Q0ZEdlNiZTQ4emRUbEFkTlhCb2Y0V2ozc1dYREtLV1Vra0ZfTWU5UFMyeTdhanNManJ1TnhrVW5rLXJSblBmVk03WFVD0gFiQVVfeXFMTjNYWlNTUjZqdGoxcHV0V3B0LWVPUnhjYnBUSlR1YUFNYTlLTzZFRFpGWnNQbUVnbkljdmN1aTVEbDJTUWpJVFR1STBRRDdUSWtqR0FQaXB1NUxITTA1emxPeXc?hl=en-GB&gl=GB&ceid=GB%3Aen
"Man, 38, charged with murder after ‘serious assault’ in upmarket town on busy Essex street near primary sch...",./read/CBMif0FVX3lxTFBlWGNqakh2LVNQVExVWE9Eb2Qyd05ZRGRMazJ4OTc5cHV2MjU4dzZYZ3dZNTRJdGFYLW5OREtKVGgxdzlQSktFQ2RHT3htRldHUk5QWmVteWRLVTJUVGpUSVhmczQ0cVBHTFFGT2N2Qlc5b1Bxb25NRUhsOVgwZTTSAYQBQVVfeXFMUGtsOTlHcGJKaExxcDdqbDFDbFNkMXF4ZXpLU3BkNlJJLTNYTWRNSVVtblhGdFhhRldjdHYwcF84VDRmTnpJblVkcjhYcEFEcllvWjEtY2kzeHRNUFJvUkZwWkEtaUttdWZfYkhfNDdwYmNIOGlKUzJNaVg5V2FyYVFEeVBp?hl=en-GB&gl=GB&ceid=GB%3Aen
Brentwood murder probe: Man charged over fatal assault,./read/CBMiXEFVX3lxTE5jUmFuSWhWZjlTZ2hwME5xVEZFTzZiOS1kTHp3Mk95VURwNmJyaVppZUxCRGhhT3NibDJ1S1hwSkVBa201b0kzdGo3M2ZTeUR2cUpESEYwbkNxRVln?hl=en-GB&gl=GB&ceid=GB%3Aen
Brentwood: Murder charge secured after serious assault,./read/CBMivwFBVV95cUxPNnUxTGsycldjbFpXRkdMRHBNMEpDYldQdXgtb2ZHdkZJNTZPUU55d0FVQjZoWDlQZmtNZS1EclpPejMtZmhpdGY0YV9HVFdNemFQNW13alN5NURIRk1TZURaRklYSEtOa0plS2FvVUJBZFFucVNSMmtOa2xkY0FMczE5OWdaN1BtUkxGVzh4WktOWmhXNXNsbzllYUN1Zml0N2xnbjY2YnphUDZnbno4R3pDakw3N1lTU1pYbDNLdw?hl=en-GB&gl=GB&ceid=GB%3Aen
"Murder suspect, 38, is charged after man died in 'serious assault' near primary school",./read/CBMiuAFBVV95cUxQQkRZMnVfcEY3QUc2aW1LbHM4NWdEODh0Mm52NTNEblN2SlFrNjNyb2p3WGY0X3lwZFJTendDSzdTQkhURzA4Mk5OQ0xCQ1drTkVNQ1ZZYjVzZDgwUWdEZG5HZW5oTWtIQTczSWNlYWpzNUZHckV6TVRPSi1rV3M1VGtiSkpQSG9kaHh3OHVUU0VpbkhoczVldFZTaVdWX2h6SER2T1ZPNEZ5UE5seW5fSE5XMDFLQlRL0gG-AUFVX3lxTE1QZ29nWW9seExRaDluMlBMczJBd0pfekZKZlBIUzhTRFBONGRKQWNrUGJjT1RUQm9pQnFVcW55TmwxUE55VndTYlhWWlNkLXFXaEp3OVNtTUtvbHFCS1htMG1UbkZkRVVDZ19pa3lEQ1FpV0VoaThlOURwT3FHMFoxUWxTNnVHcFlScVMyZkE0bmpwdVpua2lCaFE0RlZDTFRQMnFoVS11M1Jsb3FZXzNDMnl0X2JsdldwQzJwR3c?hl=en-GB&gl=GB&ceid=GB%3Aen
Council tax hike on second homes triggers surge in sell-offs - and mixed emotions,./read/CBMitgFBVV95cUxQNHI0YXdScDItYnNHczVTUlYyUWdwQjBmY1NtSTRubjF5MGdGcEwtU2pGSzVtYzVzajZOWU5Uc19XTlNHalVEYXBmRlRTM0FxdW1jMUdsWXFFUWZzY1g2WEVNNnhIY2RReDVVRGRNX2tmV3VZbXJITW1lNXhYbDk1NXpKYTZFa3MxZTBRNVJkTWZiOXBVenp3MzY2aGdNdGlwZVNWaWJBVF9WWGl0Z1J1SjMyRjNUZw?hl=en-GB&gl=GB&ceid=GB%3Aen
Britain’s war on second-home owners is backfiring disastrously,./read/CBMigAFBVV95cUxPVEVLTUNKcWZOZGpPb1ExNG44Y096Vjl5VFh2NHRrTV9nMVBLVmU1VmhKdTJQY080aWVaTG8xVi04dXl0ZjRWSGQyelNlV0NnY3E3aGZhT1RnbTc1NkZGcGo1ZlcyMHBZWXlHcWN1UEx2aWlPeUhlQ2tkendxNFF1Mg?hl=en-GB&gl=GB&ceid=GB%3Aen
Pembrokeshire second home owner says 300% council tax premium is a 'kick',./read/CBMiXEFVX3lxTE9FOHVCeFVLbVJuQTM2Q3hKNlNCSXhNR05aN0k2LVpzWEJNamF1RmZDa3JqWmFSSkgxMWpmT2Nncnd2ZjYyZUYxUXRtTlZLUHR6aTM2dnN0OU5RYnQx?hl=en-GB&gl=GB&ceid=GB%3Aen
Second homeowners use loophole to avoid 300pc council tax,./read/CBMisAFBVV95cUxNVXIxb1VjZ0Yta1hTUWVCZEloVWl6anp1eHNLNmNJYkxkSnh2UktkUGc4aXAzVEtLSXN2bEhaR3VjTFJHVi1XSHpHc0RZdzE0TFpCWFgxNXQySVl5azdFN20xWlZ3VTM5MzN0aUxHZmdXTU5Fa2E5ZC1zdl9TYzdoTXFTMEtZRkZjNFRSU2U1cnR2Ny0wNU9Eb05FMHFKUmQwbGpocFBURGo0aFR5dEVZSA?hl=en-GB&gl=GB&ceid=GB%3Aen
"Council bans meat and dairy, serving only vegan food and drink at meetings",./read/CBMimAFBVV95cUxQX0FtaGFuRXNiT2RRVlI2RERMcHJhTjB0N19pbk1oZ0Q0NVJnazlJOXM4WXFKbDBIMWMwWFZMWDJGUHpGRnFGMlpQY2FfQWhDSFJQMXp5NnFRT3YyOE9rWFNCRXktU0VtQkY4dVRNU1ZKWV96cVB1OUtSdkdTQzlOUkluM1VIR2w5NGpocWhVTmVRMzRhN0hJYdIBngFBVV95cUxNV3g4MGpmSmhvYVRoN3FkRzFGekM5c3p0eE5sNWN0VU9ET0JQbTJ2Zi1SSmFHNnM2MF9MdFFxSDhTSWExMHhZT0I5V2VEWHF5MDR6WGZLQVNpZnNhc1lBNldlX1FaTVdLNmJLdjRsSHY4Rmcxc21MZHp6X05mN0E5amN5RVVlcWRmR1hWY2VVRUtad19ZX0pDTWtkQWJaUQ?hl=en-GB&gl=GB&ceid=GB%3Aen
Labour council bans non-vegan food and drink in meetings,./read/CBMiowFBVV95cUxNM0tQaEo5Q0xMUGp6VE5XVXBZcThjNmtwdDlfOHVZOXhCaERBR3ExUDNFU0lIdUJwSGZVdmw4OXgwcjlrUmNkZy01aWJNeHdOSV8waXFGd19lZFJjVDgwS19LUDNCOEtBT2owa0pBYlpKYXFmNkZzM0ZhbnBsTndwQUF0eDBwYmNiY2NiN2h2R21IYTAwTDQ5RUVzZFMzWW8wZ29N?hl=en-GB&gl=GB&ceid=GB%3Aen
UK council announces it is banning all non-vegan food and drink from meetings,./read/CBMihgFBVV95cUxOSU4wVFl3R1poSlhRaWZYNkVtYkNsSDlGdHlmU2t6b051WE4zYm5hOE9IVTJXYnNBSEVMSTR2TEs3OWlBRnhWUXBaNTliOXFydTNORHVIWGJxNXJuUEFmQ2RlUDlHeWUtMThCdDVobkF4alNyVjh0cUhXa01PbWZqZ2ZyTVJqd9IBiwFBVV95cUxPSmVaLVNZN2kyM1NrMExrYlM2UWdqeVFsanMtWmNoM0R0MW03czRsT1VuOVFobTc1TndNZ3k1VDRzVGxkbzFJT1pydkhpUHhScTFTRXNxTXBoR19sR0xpaDdnbDQzOTJrS3hraWd5emxDcUhYX3hIMkFVR2dyMVh6QjFtRER2Szk1Sll3?hl=en-GB&gl=GB&ceid=GB%3Aen
Nottingham City Council Announces Plans To Go Plant-Based,./read/CBMifEFVX3lxTE16RGZjY2NUc0ZCSXp1V0FnRlJ6VjlIVWxEU0JWeXB2VnR5WjZLb0hWcjA1VTRmb1NZXzB3azhEUjg0Q29iY0N1dUFzV2dWT2drd0h4UE44NE9KMWc3ajZOTjljWUtIdm9ZaF9pV3ZRaVhjZGZOSDQ1TWtJNDM?hl=en-GB&gl=GB&ceid=GB%3Aen
Nurseries in England say new rules have reduced care to ‘crowd control’,./read/CBMiuwFBVV95cUxPWDU4TDRUWENnY2FPTzcydDZtdkFqZUFTZzh6YjhpempGV2RQVDdmQ2xOVXd5Rzh3dENSQjBCcHd0UjRLeml1ZV9VZWdzdWdmZVJ4cUlLVFZJekxQTTlhMmM2Mk5GWFM4NE5WdDVFTGhFT2FKbEtnNmEwTXFUTTJZTDZmYzR6c0Y5YXRBYWVLYmw4ZFFFR0podUhTOG94blMwcWZuWmw5dHdkNWhPNnZLZmctN2ZmRW1qOEVN0gG7AUFVX3lxTFBfNWtSa3VGSWJuWm4xSnJqQUIxZjZ5cjRKNTB0RXJWMk1ESnROYzdBOTFxUXlJWHJjNGs1WXFOVWZnVHEwNmx4WEZFWHVqTEtaZkx4Yjk3bGdnWnFuYy1JdU5LVWs3M3pXak1pZV9tbWVvNkltdzl4S1F5VmN2TXE2S1lrNnVLVzdDaXJWUUR2dXNCdUlJTXp3WHB0NG93N25BUzE1czJWaWswa3VuNHhKSl81aXFzVG5McVk?hl=en-GB&gl=GB&ceid=GB%3Aen
A27 Havant-Emsworth: Weekend closure for bridge repairs,./read/CBMiXEFVX3lxTFBkLVNfUlRwLWFjVUNrRVlGdlJ3LUtDbTJwT0RLUUNkRl9Zd19tRFRRbmwtVFQ1SlpraGw3Uks2U2w3bTR5cUZaTTNGVlpqWjRpQUdEenFQbzk3RnBx?hl=en-GB&gl=GB&ceid=GB%3Aen
Huge 90 minute delays on A27 as road closures causing heavy tailbacks,./read/CBMipgFBVV95cUxOV2lrSm1iZTJub2hOdXdTU3RTUHJqSkJ4TjlEV2VhLV84TjltSGNkU1lHTHNtN2p3V1ZFLTF3OXhlYzRyVkxCb1R5YjZ3NHNrd1dlajZDdDlvUzBvZmFXSVZOV3dIZktKQU14ekJuRXdtTFZfZkxTb0JMY0swVldLbmtpUk5oNkFBMzBrZTJYa1VOOWxBUjByLW1Jdl9sN1JKTUROVkZn?hl=en-GB&gl=GB&ceid=GB%3Aen
Severe delays on A27 west of Chichester due to road closure,./read/CBMipgFBVV95cUxNcVdWRkxZY1Nkb1BrLXRscXVXZzdIS3FJdkJ3RW9fdTZGcXVjdjRkbWJMSDRTN3FzTFhNdlZGSDY0MWxnX3lObWEtbTJyZjV5WFVEd1ZscDhnc1VUYm0tc3lmVUxBWWRUUmQxYXhueW1yVzlXVmlNZWtMZEdVZGxIQVRWdXNiUm9WSzhILVRzbEsyNUp3U29RV3NFbjNWelVUVUFmOUFn?hl=en-GB&gl=GB&ceid=GB%3Aen
Melksham locals 'outraged' at war memorial left in disrepair,./read/CBMiXEFVX3lxTE1tVEJDLUlRWV9sRVJieDltSm1paUEzNGFGVVZOUVBoRmI0b3ZDUVJCN3Utd2sxWU94QjV0bmZpZjJqMUI1eU0ybVBFN2VGbkVyX1JncFBfckx3ODBn0gFiQVVfeXFMTlRWSEJVTmF0NXlqbllqMXFzWVZnY2NCNTRKMFo4aGhWTHdKQXZyM0lyTU9SemZ4RGNqbjJfT3ZjRGtoYzVqak5lS0dGQXUweHN0c0htRUxjRF9RZGJhM1hCZHc?hl=en-GB&gl=GB&ceid=GB%3Aen
The five tax loopholes Rachel Reeves is likely to slam shut,./read/CBMiowFBVV95cUxOc2t3QjFxT3lwcW1JTVMzaXZuZjRQOHRFcWZqNUZST1JxSXZvLWRzSlV3dEdfODNsZWN6blZDYWJqMkJtelkxbXhaN0xWVFFQOVM4bURJakdsY3pla0dWWDVGZk5zTXRVNTI5UkdkUUVSQmw1YUk0UUZFVmZJVGRvYjBhLUZjOXNYOVpSc1B1MUNSN3pCYU9jbjVvdUQySXg0NVdR?hl=en-GB&gl=GB&ceid=GB%3Aen
‘Brace for £15bn tax grab on pensions’,./read/CBMiogFBVV95cUxQWXduYjB6SXhORGtfZ3hMYVQxVHB0UDRkSWp0YnJtaTFrMmlGX1BMNHBCYTVwTXJWUTBRdDVLdVd6OHpfN3JJaFJrbVJUa25SYUpKV3luWThvYW51VEhERXV2UGpNNlhqWTJoNXpZc293Q25IREIwbEM2dERCc2FGNFFTaWszNm9UblpmWHFMRlZHLWdvS2ZzRGdJd1RfRl9KOEE?hl=en-GB&gl=GB&ceid=GB%3Aen
And the Budget changes most feared by FT readers are . . .,./read/CBMicEFVX3lxTE1aYUFJTGdINnEyRllvRUZURk5LQ3JJa0c2Skpabl9IUlFvZXJLYUZpYkFKelUzUDZ5VVE5cGRLXzBzZDh4YTA4YUdudzgxTEc3cFhwYU5HaTBibll1cEZRSlZxWWdsQkM2QmxXNkhmaWk?hl=en-GB&gl=GB&ceid=GB%3Aen
Autumn Budget: how Labour might change CGT,./read/CBMivAFBVV95cUxNai1maXdmeDBzRi1TNUM1cFJ6OS1Gb0NCakJxRXFmSDdTOVhKaDVSRzRRNHNqVGtYbVBEYmNwTzc4aDk4RDgxN0p6a0lnNWs2a3ZDYVo1ek5LcDFzVENjaE9pOXRTdUNxYklLeVV3Qlp4cDVGN3prdXUwOHlpNzczWm42UE5FVnZqTHRzU2FWNjNjN3FMNjFjNUN3elRFTnpZTXo4UUhWeUtxRFdva1dEemJhQkQ4bk52eFpTRg?hl=en-GB&gl=GB&ceid=GB%3Aen
First picture shared of alleged murder victim as tributes paid to 'loving' dad,./read/CBMilAFBVV95cUxQYjhaQTVobVU3SVNlN2pvRUF0ajRBSmVnWk9XNW5ySVR5Nkd1MkxMNEpGNlNBcWNMNHByNW16MTZCdEFVYzZPWHIzeVJ5VmlZaFpiY2MzbmpOS3BVcEtZNWljejRRUVFTWEZJcU1RejRmbTJQWXBpNV9LU2hacDBhVEpIWXVMaXMzejAwMTdocVRZY1Jj0gGaAUFVX3lxTE5SdmlqUjN6VFhtczI4WGRDemdIWFI5TmRqTUI2ZTlxbHlqeVRvcXRtUVRxc0RzTFg2RHZiTGtRU1FCOVVlNFQ2WjFjSzY5c1lpRjQ1UE9Ic25ybHY3M1BMd05KdS05MFVtUXpjSmt3YmZJS0Z3SUNIc2tEcFZkYUlQdUlnOEI5N2RwaDRHb0plR1hmVnVNRnFMYWc?hl=en-GB&gl=GB&ceid=GB%3Aen
"Joshua Norman: Murder accused, 49, in court over Hafod death",./read/CBMiXEFVX3lxTE02ZkVLMk1mNDUwX0R3T1JDWTRpUkZIeDR6S3JMazB6SGVuRTNrY2VxTlU4Z0hVMU1fQ0p4NTJ4RWZtOXBhdklwM2lOaWtMbkd2S3RLc040UktoMW52?hl=en-GB&gl=GB&ceid=GB%3Aen
Murder investigation launched after 'serious assault' in Swansea - live updates,./read/CBMilgFBVV95cUxNRVB5cGhhamJXTlF2TXBGZ3J0aFJSZW1yUWN4eEswb0I2bDZ2NXNqUk1sTExpTjZTNkVVUGVqMXYwUFk5RHZZbjN5QmlhbDVCZWF4MF9VS2FBRjUzWEJaY1hMUEVpa3dLSVFyWG5XeTV6WnItNEI3R25TWXozUlJmc2dQQkhMbEptUGsweG9YT0h5X21WOUE?hl=en-GB&gl=GB&ceid=GB%3Aen
Murder investigation launched in Swansea following Hafod incident,./read/CBMi0wFBVV95cUxPR0Q3TnpLNXRiWV9qYmxsdXdMUndlck1VZHhnMUhsajFwc2JGRXFIRFEwRXhkcHFvNlRBZF9YdVp2alFVdFRteHhPS1lubDU2SFhYOUd0ZmNSRHl1R3FjWWlTNjNMMTNLRFVnYVlxN3VDMG1abjRzWkVkVGhOSEQ0VjFjSnExVlBET2h5eFJqSlJPd2NDcXc5cFRnOGl3SGV0MHZDZm83dUZwbU0wUmFZYlctQ2RvbklyYnF6cmJMMXllYVNZN003M04xc1dpNHVQNm9v?hl=en-GB&gl=GB&ceid=GB%3Aen
"Jenrick: We need to slash more than 100,000 civil service jobs to achieve a small state that works",./read/CBMioAFBVV95cUxOakhTdU5HVVdULWxrQThFcG43R3QtTkM2d1FrcHJ1NnBac0YtYmJxOGR0M0tfODFXbmhHNnJvb2NSQ2RHSnZjOVJKQnhta2RGMGZkUjBCYy1DbUQ4T2FvVXBmTktuenVXSjBDOFUyY3ZuTXJXS2xjOFh5UWlXdlZ2WHZZR083THVNalpxdWM4ZGd0N3pIQVZBY191VnBCU3Ew?hl=en-GB&gl=GB&ceid=GB%3Aen
"The Tories failed to deliver on their promises, Robert Jenrick says",./read/CBMipgFBVV95cUxQUVVYa0ZIaGkxNmNRM3hYbkE4Y3BKSzZNUmxydDhtaFdyYVpPdGZlSEtwb0Rpcmp0TXZaMDAzQ0tBNi0zODBvc3RtcXRzMC1yMnQ3VDR0a19hdzBWQ3RtcjhrY2pzdmlBc2t5NGVybUxPZjNGU0J5S2NLZGdIUzQ3N3dPUHBteFBFc2JqUzlmRlYyMzN2ZnFhbzBDNU85ck9sYW1ZRTVB?hl=en-GB&gl=GB&ceid=GB%3Aen
Tory leadership frontrunner Robert Jenrick says Conservative party contributed to 'our national decline',./read/CBMiqAFBVV95cUxQUVQ1VGNxb1cxZzlpVTBuUV9WMUE4bE9zLTVsTDE1cFJsMFZMQmNFRGdrRkZYZ2dpem9QcnJleENqU3ZXX3dKZG5ER1hSMHhvUkNjbktRZjVWVWFuaTZsTGVNc3kzTnNBazJDUTc3NVFGZkFTNmE0UHJ0ZE5ZVUotdHg3NDFockl0TzQxdDZNVzJvMUZjY2Jlcl9GTVhBMWRiZldJdUM1aEo?hl=en-GB&gl=GB&ceid=GB%3Aen
Jenrick predicts Britons will die after Starmer releases ‘dangerous thugs’ in early release push,./read/CBMihwFBVV95cUxOdVozTHduRlRWemYyX1NfVmc1WWQzYVlkYk93X0FhcnF6dG1VaUkzS1RpZ0hoREZVU09yWGJHMEhJcXZwRFlSR1VmbnJhZERhY09WNTVhMWVwQXNCRWVIdGs0U2FNLVhDX2l1d1dNRmx5RG5EQjVpNmVWZGN6b09PT2JCY21aRXM?hl=en-GB&gl=GB&ceid=GB%3Aen
Wales 20mph limit: Lee Waters admits more common sense needed,./read/CBMiWkFVX3lxTFBRVG1QMGZyUnYtYXBHM0xlbjVqWmk0ZjBIY1VaSjRQekhTaWZqaXpxVXZVTlEwQno2UlMtejlFVU8wOXhuQ2JCUHRmTWY1MTl2TDJYN3ZLS2hwQdIBX0FVX3lxTE95bVNUVHNyQl9Jd2ZweFFVNG9hTzRkSTd4OWF3WVR6SDVweGlDVTBlZmh1MXJXZTV6M1BvaF9VWm5fNlR2YUJvTmpiM0wwVnIwWGVKcG9TUUFGOUFheHNv?hl=en-GB&gl=GB&ceid=GB%3Aen
Distressing footage shows teen impaled by fence in drink-drive horror crash,./read/CBMiywFBVV95cUxPMG5jcGQ2bk9OREtjY21vQnVPNC05SkNjb1lDU3J0MVBFUS1CRy13UFZlWndUNHkwSGdWSUlMNUtlVzlHWjJyTHNUUUx1NGk3ZXRMbkFXUFZJZ1VTeE8xZ3JiaG1RTHpoWVB3SzdVYXNvMFQwMHVCYW9iNHNxcDRscXFTWGhtZnF6VzdRMndrUmhDTjRHbjRtemR1QjMzRjNHdVNNUkI3TDNLd1VlZzEyNTNCUXdTZ0xYTGxucWl1Z2VweVNxcTFfclhJVQ?hl=en-GB&gl=GB&ceid=GB%3Aen
Police explain reasons for sharing 'distressing' video showing aftermath of fatal crash,./read/CBMixgFBVV95cUxOSFEwa3Noa0pFSUpyZGd3MkpLYU1RY3lLd2FvSGpnRnI1MXBMTHhRbkFDbDQ3dndvbjZQN21YWVFhRE9UQXh2RXlpYVpiOFFIWDNiOXFPNE5oSU1YRTBVSXVaWWdUUG9jUHVMY2JqZVFzX3R5VWtaU0l1d0VHWDhvNEg1b0ZmYk5KeVdNVm9GV2thWGRKdFVsYTVzTTFzRGMybGw3T2RiVnlTTldjZzh0V2xwdDdidHpDUDYtMzVGSEpDWm1TNVE?hl=en-GB&gl=GB&ceid=GB%3Aen
Shifnal man jailed for drink-drive crash which killed friend,./read/CBMiXEFVX3lxTE9mWV9SOXR0V25ZVW5Md1BJdG8yeWJveVRYdzVLSVFMR0dDTzVIMXhFSmlZaE05cVcxc3FYd3BlLXJiWTlvNElheEJPQlpueHBOU05KNnZPbjdPV0lW?hl=en-GB&gl=GB&ceid=GB%3Aen
Heartstopping doorbell footage captures horror crash where BMW driver kills friend,./read/CBMipAFBVV95cUxQbVNjYVJKTDZjX2YwN2ZhNDBXMVBLODdNeVJfNHVMZlVGdnFLdHU1d3ZORTFsRGEtb2MwMkVTZmFyMjNQZUxuWDBveS1qR2c5aHl4OE1OazVwZ3lrc0hFVUcyRzRkT3k4eHlIU29UeXpDY2lrUFpjYXpVTHY4RGMzS1VTMlE5VGJLa2ZONFNDYlI5OTNvT212MEFaZFUyT2hrSUVWVtIBqgFBVV95cUxQei1PeHRRcDZIV1JicEwzYktMY1N1aFpLTUZmMDhwZkU0bUM0X0RZSF9HMUJoREpZVlQzVzhmV3ljbDRSQUhkRGV2SHRqYjZmVVpfOWtiSFIzU0lnSk9uSk5HWHQwbUpfQjJia1h3NnhiMmNDRl9PQ2lTOFJlZXp4LXFtMFNYM1hqMnR2Mk1LY3FNcnRmREQyTmFrTl9nQWQ3dDk5U2RBZm5UQQ?hl=en-GB&gl=GB&ceid=GB%3Aen
Violent Doncaster asylum seeker hotel rioter who attacked police is jailed,./read/CBMiywFBVV95cUxNVHM0ZUhoTVRGdDFCMWtMZldidkhaNXRBT3pCd1E1VFh4OGdqdl9PSGJiRnY0b0xTdUdTMEJXVWI0b3VFUU5abmI3ZU4teDdUY1h0Zl9zXzhmWHhVQzdNQ202bmhIRXIxcXV3RVZHODdzVHExUlJuWllZRjZPSjItdlZ5YmpwTkUya3lsOG5CRkY4aXlPVjlOd2g3SnJndVBQbnpkYWJqWGJWdWxjeXMwRXN2MG1QZS1KY1B4a2hTc3dra1NYMTYwclYtYw?hl=en-GB&gl=GB&ceid=GB%3Aen
Riot police attacker jailed for role in disorder,./read/CBMiXEFVX3lxTFAxeUxrSThTZW01bFBoVmRpOWRRZ0F0d1RlVFR2Vjc1ZnBBMUdpYV9vNlJ2U2FCNnh6X1pCcWdRb2dnVlRfVmlFLW5leGg4TnJ1elJBcXNuVFVDZC1X?hl=en-GB&gl=GB&ceid=GB%3Aen
Over 20 convicted for roles in Manvers riots,./read/CBMilwFBVV95cUxQeVBtekhiSGI3MTJ1Z2pmTERoejR5SzZPTS1kMm03cjQzMlJJT2xPTExCeEVTSUZ1M1E3azNqTGl5ZGRUemE5YWh0VWVaSm9TVlpaRGVBTDMtN1FDb3F2YVVwZHJZTlN5RFMzSlN2SU96T1hoaFBOQ3pxczRmSEt3TU4xSHZsTy02ZEtUc1dGanJja2pXQWlv?hl=en-GB&gl=GB&ceid=GB%3Aen
Man 'too drunk' to recall hotel riot actions jailed,./read/CBMiWkFVX3lxTE1YcjltanhoZFhsYzNJaTcxZzh2aEVjOTlTeTBzM1FUMTYxQjRCQ2QzbzBOVG50MVNrTW1HaUQxUXNNUDJhWndJRW5QRUtvQkE3bUF2SUNyWkUtUQ?hl=en-GB&gl=GB&ceid=GB%3Aen
My son died after Turkish surgery. He told me: ‘I should have listened to you’,./read/CBMixwFBVV95cUxOUFh0Zm82amNIWFNWR0ZBWWpmN0Jxam9YMDBNejBjZk15RHQzaGd3bVVEM01GdW93b05xUHExbzFIb0V2ejdPUXY2TU9CS3dGZlhwNVlOYTVoNVBaS0ZBc2cxa2RlQUZzZ2t5SFdMNm13NnVoSElnc2hINkF4b0ZOSWZQMHdzdEtaazhpZHBmM3BGLThCMXhzZl9GZ21WbEctbWljOW9jRUg3M3BaUmNJNGRmc2RDU3Z2MGFHMVF5by1uWFVHcHVv?hl=en-GB&gl=GB&ceid=GB%3Aen
Warning over cut-price cosmetic surgery in Turkey as six Brits dead,./read/CBMiiwFBVV95cUxPd1NVS3VVT0NqcC1GcnpKanJnd2xVZ041c1V5N05MSGpwNWxFSUtrR3V2NXZWNGRMNXVRS19JOUJGczAtcGQ4X3NWTUlScm53dEkwZTRqUE4yRFRPR2Z5XzMwWWgteF9IUHpGN0VHc1dHRTk2QVRuQkJBLXFtajFEY083WVVPeFJvSkhr0gGQAUFVX3lxTFBXWFZxMi1YS3J1RW5yQXpHS1dHZlAzMnJVeXNhQXpQRjJDY0MxRzM3V0syWnZNT29qd093UGNmeVV4S0toXzdyT09fd2RRcmJGYmZFbjdzcTM2b1ZIRFJLbGk5NTV6WDlTUFl2Tm9ybGZ4VUhOUzczWU03OXIwelZvMTBsMlJvX1BVYzRxR3JOOQ?hl=en-GB&gl=GB&ceid=GB%3Aen
Turkish plastic surgery clinics let sales staff do assessments in UK,./read/CBMiuwFBVV95cUxOa2t1RXV5NTZ1UkFzaDVMcWVCbnNwQ2VrTHcwemJiODBlY3hvLUhJQzNTQzFHR3pmRlhyc0hnemo1c29wQ3JaYTFjNjJNZEtfbG1BeUlTazI4SHU4LTVpMnJDc3RRSkNJQ1BCU2JFb0ktRVRYMldWak9MNV9GOFg4UmZsSWpaT2d4M2pRS1dYclVBbVlCX3E4djZQTWdzWFd6ZEtoM1E3cTI4dzd3dFJEb2dMU3FvMkYwd3ZR?hl=en-GB&gl=GB&ceid=GB%3Aen
How I was pressured to sign up for high-risk plastic surgery in Turkey,./read/CBMiwgFBVV95cUxOTlZXS3ZNVmg1WEhhTE9Fd2RMUTFneFI1aGNrcS1Ra25QeGJqU3BCTUFIYmlyVi1DX2tSazlZN0lXQldvT0E4QU81eUkwUVNNZTdJZGdPT2NBTFpybjFWajZIajM0YjVIUDZGX0cwTjBtdXRkdVZxbjZmQTBTdWR3VnIzaGpfcmJ6WUFVSkNycXRxWW91N1g3MjZyYkNVblRKQUNEeG4wcUZmZk41RVpSbk5MZ0FvTk5GeEdCWUxiQ256QQ?hl=en-GB&gl=GB&ceid=GB%3Aen
TfL to refund drivers wrongly issued with Ulez fines after cameras vandalised,./read/CBMiugFBVV95cUxOeVN5cHpWRUxidUZ4RjUwbVF6VnlTRi1nVHB1MG5ReFo2OW1GTVZEeFl1ekppbE5PcUJTbjNTMm9LZUl4QTRmM3E0emhKeWppbXNvVk9KYTRUMS02TC1iMloxZ2EzWWNBWm95OGhhZjBneGZTOXUyZVlTSkFyeG9sWnZNUVQxRkRjR3lVdm91a2ozbEZEaHpmLVNZZkVHU0c2NGIxYk5NM2tSOUhoN2pjMVc0UWl6dnVwb0HSAboBQVVfeXFMTkxEQ1lVXzdVRURqY1ctWFNRZjhja2RwdHJnSEVqSDYzVWpNanJoRjVjUFJIbng1ekg5Wkc0ZzF0ZlpJSjZNQlZKbnZ6TFZGdkZsTzJ5Y1llYi1RY2owQ0ZrM1UwZEkySGF5LUZYOERIWFJ1dkloMU1VU2dnY2VCcjZ3TVJRVVFCU0poWkY0LW80eEtseU5BMkVOSER3Q1BLYU5RZ21Jd01OcjFtRTVnLWxCeHo4VjVrVEV3?hl=en-GB&gl=GB&ceid=GB%3Aen
Drivers wrongly fined after Ulez cameras vandalised,./read/CBMilAFBVV95cUxORnJ1T0g2SFRma09XX3RpcTJyRFlXR0ROaTlVei1DcW1ELWt6UUJVWThwRmxGOUhKOHR3Rm5WOWpteUxhYVNaZ1laWVV3N2RoSWUzSW52SFNZZVFNMjBGV25FemRiMDN0ZVlVT3djS05yZVpuTnhoU3VMVEhxQzBPQmJ0NWYyLWRYS1N1djBLc2JiOHV6?hl=en-GB&gl=GB&ceid=GB%3Aen
TfL pledges to cancel unfair Ulez charges from vandalised cameras facing the wrong way,./read/CBMiugFBVV95cUxNOXVZTlZqOXRvSkZpUHNhVWF4cDBCeE1Td0NKYUQxWGprc1pQMzZpalB3dlZCVmJaSUpTMW9wby1vUmV2NlE3UGtNaFFoZXF5NHRmMWc3VnJBSWJzZXFNeDJOYjdDci13VUQ0TmNuUkRqdHZveWdqcERFYjBKZXoxdTVxa3lIVG9hT2JSQzQtd1ZENUFnd2FiRHFxTjBsQW91dE03LUFfeDd6V2N4NUhORmljel84VEV2aUE?hl=en-GB&gl=GB&ceid=GB%3Aen
Ulez: TfL pledges refunds as cars targeted by vandalised cameras,./read/CBMiWkFVX3lxTFBhSGNfZ18wbW9FU2w0M3FacDUyOUxaS0R4YzlTQ19SNmRPRjBVMjFCT29ldjhMRkdHcG4xNHEtQS1yVE4zSURrS1ZGYU5JM3dFd2tILU9ubkNmQQ?hl=en-GB&gl=GB&ceid=GB%3Aen
"Just 10 Tory MPs sent no-confidence letters when Sunak called the general election, says Graham Brady",./read/CBMiqAFBVV95cUxQM0RuaUczTGZfNFBpMVlPbVJnMzIwbERtWHN4TnJHd1M2ckZXdHp2Yi1UX0p4VFRPdnc0SnFnUWhlcjZoX2tEcVRGOXlSY2p1YklhQnM3M0JFVlRfVVNwb3VYdDR5MklHa1hLanpEMU9QSHNjbUQ4UEpVeTlUY0RCMDlEaUNBM1VBSXBTT3ZzV3pIbjA0dlF4TzIza3M4OUlTZmM2RTBnQ04?hl=en-GB&gl=GB&ceid=GB%3Aen
Graham Brady: Boris spat ‘Backbench MPs have been contemptible! Spineless chickens--t!’,./read/CBMipgFBVV95cUxPQTh2RGNOX0dNYnkyYnFLdDhXMFdyaFp6ZmwwTldaQVRKTlU0RDZfbFZueExkMFlzal9HVWdlZURZb1BPM0FkWk5EV0FWd0t4dEU1cFVmMGg4eGRSa1NyWkFMNHUyQUVES2xaa0s5MHR2cDg5aWp5T3JhTV9CUHo5YVZoVkVOZldITURoelc5Nk44YldoOGU4aWJZSFVLSm1kb3d2dXdB?hl=en-GB&gl=GB&ceid=GB%3Aen
Boris Johnson was the most left-wing Tory PM – and that’s a problem for his party,./read/CBMimAFBVV95cUxOVWRLNV9NU1ZCbWJIS2hSTGdQMjd3MS1RSnBBRHE3RHdPc0NNR3czb3VjZXNDdmFxSXdteXZKRkFIdXVJbkRLNEIwS09qa3hOaU9nbGtDbW8tNF9oWnpNOG1PanRCZ2NhTXlNWTIwanlHdG9mUTdSVWhCcUtVRDBSdWwtS0p5c1UzMWZRYjEwTU4ycmx5V2dPcw?hl=en-GB&gl=GB&ceid=GB%3Aen
Sunak 'only had 10 no confidence letters when he called election' say former 1922 chair Sir Graham Brady,./read/CBMikwFBVV95cUxOMFVKYnU3c3poNzYyTHFyVEViSkZVUjVoYnotQUowLTZ4bHVmWTYzM0l2Q0FIYzNJY0RHWXFtTUdNUnhXZ0dQcHZHNTlpbVFneDlfdktZc2w2Um1YQjMyTkpqZ21fVkxLa24tNktxcFRIMWJad0ZMa3Z4WmRLaWxxaE5KMUtyaE51X0V0OVhwRlZrc0E?hl=en-GB&gl=GB&ceid=GB%3Aen
Our children are victims of Great Ormond Street’s rogue doctor,./read/CBMilAFBVV95cUxPSVNiNHVHaU5NUXZEaFhzUXh1WUxOdmdLMlR5Q082UURhVk1rODlnYmUtQnFHOUZQZjNhUWd5Z0VxbzE1Zlp1UXZPTXRsSUt4MGp5NjJ1X000TW1heW43aG5lZ3BRVGZNWEQ3ajVzSUgyM2o2YnNfaDZWd2Qyak92WUVNSUJVbWlYcS1xa2NSV0k2bU5m?hl=en-GB&gl=GB&ceid=GB%3Aen
"Dr Yaser Jabbar: Child, 11, in wheelchair after surgery - as doctor accused of 'inappropriate' operations",./read/CBMi9AFBVV95cUxPdlJ0MnFsOUVUZTd2d1lna2dRUjltY2JTeGJoanV5QnFDbTJ5NlVHbjNmVWdaTE9FM0hIZGk1ZWFEcG9SeXF2NjViY0Q1Tm05bmx4ZC11LXFnZmNSY2kyWGNLNko3WDFHWkEzd1Y2TXdIV2JoS0dyQVRYVnNUS0RuTHJlM203THE2WWFPcFEtdjFGRTNRVkZBTDd1ckU1ZmJQZFpMRC1pc2w0N05jZnJhRmJVZjNndXk3WFNYcFQ2M1pKUTRUQjYxTGdDRV9QRnFwTVNMNl9IWEhDNVJtTkpXWXZMTlZMd1ZrZmdFQ3ljYUhJT3Ja0gH6AUFVX3lxTFBPUk43TS0xaUo4b1VpWXVhSkI4MjdGSmU3eUVhT2gyQTdYU0RRbGFXSXI2N21LTDZLdko4S2NhUDlDMlgxcnM5OEtfN1ZXeEhPMDhkR1hUSUhnSUZFUGdaM040NXdnUkNFMU5zUkM2ejJ2dHNJS1A3YmZaT05FS0dhTXYweE40M2g0eTZLNEtjakRlU1hxQjZtYTdjZ2VlRjZCOXpfeG5zRVBnaC1zSnYyTmlQOGxpaWd4ZHdNbUtxdlUya1hWNjdMa3I0RmU4bzFDbWV1T0FvSG5TUFFuVW4zWFQ5QV9tdEdaeDRvTGFyNWM4S0lSczFwTVE?hl=en-GB&gl=GB&ceid=GB%3Aen
Great Ormond Street reviews 700 children treated by ex-surgeon,./read/CBMiWkFVX3lxTFB6UXJqeXlTR3p0UlpPSEY2SXpJcTFEajBId1dOLThGNmI4SHRxeVZxZFI2SnFoMGVqR0RURTFKeXFLZkJtY0JpWV93T1huZWstTEpRZTlrV2I3Zw?hl=en-GB&gl=GB&ceid=GB%3Aen
"'Mum, it hurts': Girl, 11, forced to use wheelchair after treatment from 'rogue' surgeon...",./read/CBMiqgFBVV95cUxOUWN6c1lpRmtDVG9PdHJKczB2cWI1cXltODNTMmpyb0YwWXIwY05UX3NtT2x6Ml96MEpRWmhZeEQyV2J6TXdRcGxuSEpQUE5TbXhkMGxmcUlkNDh3Vlh0Wk1tWW41NTBTS1ZCSkRNc19DdklDMU9iRi1DSS1rV0RYUjFpUkUxbks3T1hDQ2Z3WUNoMVBmVkVpV0x6TXhtWmtIeU9lUmJuX2loZw?hl=en-GB&gl=GB&ceid=GB%3Aen
UK set to roast in September heatwave with 'exact' date it starts announced,./read/CBMilwFBVV95cUxPMHViN2Z3Vy03eTcyLVk0ZlE3R1ZaWXQ5SURSYnVHSjdicGt5aEtBRjdPd1pOOExBUzhCNjZaNTdyTlhreERCd1UtZUtmSVdFbTRUNDE4bUtETDFEWUdSSWN3ZHlnSTAxRHVWd2RlV2lNcjFnMnRueG9rQ3VickdvTFBFOFh0ckpmcHBtMEkwV3pjOFZkbklN0gGcAUFVX3lxTFBQWXBOWk81OXlWZXVWcnB2dVpDV2JvbU9lY0gzcHhTSncteTNsMTUzNlJWMnNnZHVWMmpwVU5jZlE2MFVqS3JmUlk2RUhFRVBoQ0ZtS2xSY0pvUXJPRTY5QXpVSV9lVk5sUWJGR2c5V0I2SXpyc09uS2lmRmZ2ckQ4VjNuV0dlbzFsMnJKS0t5bWJibDYyN0pic3VFQw?hl=en-GB&gl=GB&ceid=GB%3Aen
London weather: Capital set to bask in 23C heat as temperatures surge following chilly week,./read/CBMikwFBVV95cUxOUDNkSlZHOXEyRmN1OFlLLWRRYXhEdnRRYWZXcVhZRFNmLVB1ZS1ybWk0cDRwLXVzR05NS2pSVExUZGZ4VWJuUkd0dF9ZWEdDQ21HX0Vpbk1vZ1o5UzJCbHdkX3ZjaTEtSHpYcXQwaFJjdmVIR3JQdFV3M01BSFBEMHZRV0M2OWxObktLMV9veW5UYk0?hl=en-GB&gl=GB&ceid=GB%3Aen
Weather expert tells how 'mid-Atlantic high' will see Brits bask in Indian summer,./read/CBMiigFBVV95cUxPMmVBcHNHWUJBQ2xoMHNvSTZpNVpSY2JTaVM3d3V4YWJfbk5pdWRJYzRkZTA5OHEyd2JoWjlLRnVmMFdOaVY4RkJwdEJPOEFSNjd6Y0hzTXVWbGtaSzhORHJUdm1Va2w4czVPUWQybXVrQ0JYSUtmbVlpZ3lzWGR5UlhscHRFSDNQTkE?hl=en-GB&gl=GB&ceid=GB%3Aen
September Brings Contrasting Patterns and an Upcoming Warm Spell,./read/CBMiuwFBVV95cUxQTHNQYmVVY1pPblVYYVF0US13cUlvNEw5eVJrTUFoUjNTdFZxd3JnZ3h5NW95QzhlWWpoNjFlUE9KQWVTcm4wcFVYMk1nclhqSXMzUkF6TFR3ZTY1M3dqMzdBckdRRFE4aGJZczMzamlnTHJscHZGYWl3Z0NSNEZqbTEzZF8yZE53OVZRVnhMNngtRWlBd29fcEd2bHRHWnpSZ0pkc0gtdlo1aUNrRXlOTVNMbl9fME9MU21V?hl=en-GB&gl=GB&ceid=GB%3Aen
Woman fighting for life after being hit by car in horror Glasgow crash,./read/CBMikwFBVV95cUxQd0xVSFJPanJKbVBTVHhNM0xQSXZDemYxTVZvd1JnOEpXM3VtUXdfZVZtcXV4eExmLXJwci1WQ0JYMThMbGxCQmN4WG1iWkZUUDEtZEt6WEtMbHA5M3o5VnkyTHNJZ0dpVXF6ODFRY0hYWUl0R0EzZzVzazAtQzNRSVJFbG5wN2FzekNqYkZvZndOUUE?hl=en-GB&gl=GB&ceid=GB%3Aen
"Pedestrian, 42, critical after collision with car in Glasgow",./read/CBMiXEFVX3lxTFA0d0tLUFBnTWRTY2NmaGZGcEhkWGk3b19Xb2JDWXNaODFqWDV6eUFOa29HR1NnQThjS1RjVzJzN1VTaG4zSFVKOFBXckhWMlRzWjVMdklzazJQSVhX?hl=en-GB&gl=GB&ceid=GB%3Aen
Woman fighting for life in hospital after being struck by car on Duntreath Avenue in Glasgow,./read/CBMiwwFBVV95cUxOWEl5NkhkX0JpVW5BYTc3RUxlWDRGU2hpVlN4WVM5OHhLWlRVSTYwYTdnbTBpamNDTmVobnlGVFFjSk1zanVRR0Jmb081dmZEbVNYdXdmcFZ2S0tpQXJBNDZzcTdtMklQQUNUNm5sdHpnZHNnWDBSU1pKWlNYNjZ1NjA3NURtUTU4UUJHRkplZlB6UXRqRlA4NThMTWdmcTJlRGcyWTVTMzB2cTE0Tjd0Nlh4ajF4RnY5cFB0MjF2V3lzQnc?hl=en-GB&gl=GB&ceid=GB%3Aen
Police called to 'crash involving a vehicle and pedestrian' in Knightswood,./read/CBMihAFBVV95cUxPeDdDVHVSS3hUaU5CR0QxVXRPVDJtVGtKSXItWnZONWNlN0tzbV9xQUh1cDlFY2pEaTE0empfcXBtZHJEcFdQMWdBallBcGtocS1XQ0lhTmIyVUF4U1pjczJmSHRBNlc0TUxTaU9Xd0pPMUJHRXVteGY5bjhjX3pKSTFPaXk?hl=en-GB&gl=GB&ceid=GB%3Aen
Suspected drug lab explodes beside children's playground,./read/CBMinAFBVV95cUxNZXlOeXRHa1FKWUoySnh3d1FPMFVQWWpWdGV4V05xYmowa0lFZ3VlcnhSTDhYOHVEQVZNcGNBazFrTV9ZS0tuV3RlVzhpdUt1dDkxYlV4NWhpVFgyWFkzRU1VMkxuR0stZ2ZmWmVlQzQyNkR2QzE5QWVFaTJ3N0Jhei1PWDl0dGVZTENtRmNkeTVONWU0YVpEcnFvSS3SAaIBQVVfeXFMTmVuaWotT0gzeWxLRmFiRTdSRmEzNUxQcjM1UU5aY1JFeWZXamtuNnJFd3U4OEktWnBXeUhDLXhlZ1ozMkJKNGhmNG5LRlVNcWllQlNDalpKVlp1QnZXbzF2LWtlR2t4RjJQN3FVZEJZNkdfTXJPbFEzdXhOQUtfRmw3TFlvVnhaQm9FOFBpbmFqRzN6X0J5M0w3WGZMYnE3S0xR?hl=en-GB&gl=GB&ceid=GB%3Aen
Burnley: Man rescued from flat explosion arrested over drugs,./read/CBMiXEFVX3lxTFBxSHZnLVF1MjVMdHZ4RDN2N09maFA2UnpmLXpfWDJIcWdMejVCSlhBOE0wcWRtV2N1ZjB6OG44eU5xV3VhRktSZEctU1ZZN0I5Qy1vZ2g5UG9ib2pP?hl=en-GB&gl=GB&ceid=GB%3Aen
Police issue update after 'explosion' at property as one arrested,./read/CBMingFBVV95cUxPdWVZNUR1RnJ0VXVQV0hDRFZCQlRVNm50QzlZdGFhWjNUMklkRnVXeUtIZEpUTmZiVnZGUUxCLTRPem1JNGtJZlljNm5TOVlhWE1NeWFpMWxUTEpxak5mMGRTc0xJTTFPeERHalRZMVBQdHA1cUkzUzhwVWxaTXdlNnhuM1FzZzF1V1lrblY0dUVEUHlpbk5ocm44bTRBZw?hl=en-GB&gl=GB&ceid=GB%3Aen
A person has been rescued after an explosion at a house in Burnley today,./read/CBMi-gFBVV95cUxQMXVQYXo3Y2ZMRWdMTUhtd2VkVE5iVTZaUVRNVllMQS04Rk9fT2YzSTNxYWFrenpsZjhkSkRTWWJCT043QXhVenFmelE5LUhab3g0WlZneWJ1OGdJS0g1c19IYmFBUXNhajBlZjk4RFJIRTd5ck9mQmhyckNNeEZlMnhiYVMza3FjME9zc2VMMm1XTkhMY1hkY3VBVTI2S3RvVjJUcUFHU19kTnBoeXZjVU4xeFdScl92WG9YYXh4Z21ZX0kwQUswSWc0Znl0NkNHYUx6azFNMGxFQkNLM3JUcGlHOTJhUlViNFRobl8wNDZLTUJiNHNoOUFB?hl=en-GB&gl=GB&ceid=GB%3Aen
Hundreds of Jews were offered the chance to escape Nazi Austria. Civil servants in the UK turned them away,./read/CBMiswFBVV95cUxOQ2FWTUJrRVM5WlJEdjA4ajdkN2JzWFdKNDVId096eExJX3dMdnA0YnNBUWR4aHhxSXFMbUtHR0dtRzJCSkNBV3A4YThsLUEwUzZnNXgyNlB4VTZXbzZ0dTV4WkdRX0pGdjA5V25TVVZoWS1xRUpzeU84LWlhRWJ4QU9EX0xXcGNxVXRmYlFmeGFYRW5XSzRoQjVicmdzTG5QMnFUeVllRl8wY2pWY21Xa0lIY9IBswFBVV95cUxQRWllTjJYNkN0TTVUZkJnNXhpd1I3aHktWl82ZGZxTXF2Ni1qNnI4WWdoTWU2WkRabWU1Z1RLc0JUZ1FzZzdMWWJxUjRRR251ZzRlaDBTVExPTjl2cllreEJfVE9jdVpQNUwzUkd2UXlQMktGRjdfYlA2TTVvcVo3bnlCR1Y0Q3FNdVl5ZUplaEVCNjI0OVJwa2FJVXNXMFVjUTQxQmRuREltaDFyOGlvT0Racw?hl=en-GB&gl=GB&ceid=GB%3Aen
Roamer: World War 2 job scheme in Northern Ireland attracted fearful Austrian Jews,./read/CBMiwwFBVV95cUxPMmlOZndSZXZjSVJwNFRnVFZQNmtaQjFhY1A3VXlta1cxZEpBcV9lSXIyNk1HdEZPSDJwSTBfaXA1YkF0d3RuU3ZnTU5PSURILW5Sc1JEZ2VUSUJRZ1I2NU9fam1hMkxkRHVGY0ZMLTdQYVhoNGsyZjdvM2I2YXFvOEZyUWNfd25oYl83eDFaaHUzRnhOODlqTUx1T0UzTGFWSUtjVjQ0b3BlenhxMWFfT0ZPMDNYVU9LWS1SVEFyRk9CSW8?hl=en-GB&gl=GB&ceid=GB%3Aen
‘It connects Northern Ireland to the Holocaust in a very sobering way’ - author Noel Russell on The Saved and the Spurned,./read/CBMikwJBVV95cUxNb2V6WUozc0NQYm9EVlJVOFJCZGlFTXJONFF5MG00S1BQSFoyOVFFYmViYzVzbWhlMHJKX21fTGdESHFncVhka2l1VWRjbk0yQUtNcFJiLXJiM21HekZxRUwxamUxd3NhcmFQOGVRSGQtRGJxR3ZfckxLZGFwbmstZ3RtTXlOakVFRDBWenB2X3R5ZzBHMzg0NXltSjFnWkhPY1BWZmtTV1loRThmaWxfb3lGU2dPSGtzRzB4WVAwYXZXc21WNVlSeGxQZkU0UXREOUdVTWpMSGNVN2VxRFl0ZWhVd2c3SUVzbUpLRHhaWk9OaE5IWFgzUF93bGhwejNSNEFQVTBKWGFJODBPU1E2b3Nmaw?hl=en-GB&gl=GB&ceid=GB%3Aen
‘The Saved and The Spurned’ – Derry as a refuge for Jews fleeing persecution in Nazi Vienna,./read/CBMi0gFBVV95cUxOWjlPcGhuWk1LM0s5Q3dRUFROQkJVTER2b0xfXzZIdTRVUFBOcWYwd2FPWVUyclZCXzVrMHdYV2RBWG9iZFhyX3U3YjFidW16aDJ0M2RRM1VxYlkxejVWRTR4aG00UnJXSUZwem54bG1WT0dCVUtUakY4NVdFVWhtUVRaZHNuTG9SYmpsV1ZiME14VHpZX3pEV20yMWczbG95TGpZZU9oRFlUTEJnRHcxSGpZZS1DWnBjWFlHbW5PTmlrRmw2X1g1TDlLRS1Qa2VrclE?hl=en-GB&gl=GB&ceid=GB%3Aen
Attempted murder probe launched after man found unresponsive in street,./read/CBMiyAFBVV95cUxOYTRUa0Z4c3otTlRROVkzZ1l4ek1YdzdUMFVHN1h3d1UySkZQdnVPT2ZuY2FEVjYyYUVwOW5qN3B4QWRjN2RJcXRzOHhFOEh5TncwWlpOTmFFY2k0Mmw4VldUaDlINk9iT0MzSExUNjRQOXpDWTF1VDZPSDk4eHlYMFdySlRab1J0TU5QcXZ1WDZsZGt5dXVJdzZYVDFlVmhMdWNUdGl0VEl6Q040bWpTcm5tTFU5WXZpZjJKQUJLd2xEQWJrZVFWTw?hl=en-GB&gl=GB&ceid=GB%3Aen
Star 'heartbroken' by shock death of Freddie Flintoff TV show teen as BBC issue statement,./read/CBMilwFBVV95cUxQT3BHLVdUY0FoY2d1SXVLcEJTejdrdnkwWXpoWkpWMEJLamxNVFROYmhoMk9vbGJodEN5akZERVpmdkx5dU55RHFPblI5T0pMUl95XzRSUW16eGZpanY2Tk1qQXMzaks3ZUxnVk9BMjlVMVQtUnowOF9wS3hRVG5LV0hld0wwOG1laG9ZXzJOX09ieE40cDlF0gGcAUFVX3lxTE1qX0xVOFpMbkhZelBXeVRUb0p6LTRjZWtWaEl5YmxOSWQ0ZDVhUVh4NzRvY2VwMENJOUU1QlZEbXhfNlZfMExpWmw1cDN1YTRqeVloZTJ4SUE3RndGX21qSXpIUHN2UTl4QXNSUFhfT0NtTWlkN2xqRTkzdVZtbXpOVGQtVWFDaGV2dWFlRElBVnVDWkdjNGNlWHdaWQ?hl=en-GB&gl=GB&ceid=GB%3Aen
Freddie Flintoff’s Field of Dreams teenage star dies in horror car crash,./read/CBMixAFBVV95cUxQQVdvbHFMUUV6aTE3cmtlbTkxeW5rc0pEWGR1OUpZS3h0MXhWZ25VSTRnWC1CdlpKMXdlS2pIYU82MTVFM1JfYjIyNGpPQUZLNE1wa09WMk1wQTQ2ZkFXeTRnM2sydG03SHZacEtKZ2xoRGhqcWFQanBuSkpQaU0tWVpjSEFCV1EtYmh4SThpSGlqMXp6MVZuQ3Yza2NkNC1rSkFaS2RrWXNkck9SUThGSXRQZGFXMmxnX2oxTnVaaEVZWlBs?hl=en-GB&gl=GB&ceid=GB%3Aen
Umar Mahmood: Teenager who appeared in Freddie Flintoff's Field Of Dreams cricket documentary dies in crash,./read/CBMi2AFBVV95cUxOaXlTNkNoSmpCTjZZdHNGSXhOSGRIRW9wY2RjenpSMDM0bllyYlhUTkI0Y0VPUGVOemd3ZUo0ZndoSVhOOVV3QUFWVkNBa0llYWw2M1VpSi1Ud2VJUTRmQ3U4MU9zR3JPSGVFRzBabUdfUU53TVV3WWhMN3pjZzlCUmUxUGRSbzF2cFlQVWFQWFBOWlVYYVNPNGdydXYyRXV3Z052OWE1Vmh0S2RBaHVaY0NQYjVxS05MUUtzeFJjZ2hTQjlVakczekFfWmg3Y2htbFJSQ01wX2s?hl=en-GB&gl=GB&ceid=GB%3Aen
Teenager who appeared in Flintoff’s Field of Dreams killed in car crash,./read/CBMi2AFBVV95cUxOVnFfVG55algxRjZWRVA2cFhGOHJuMU41anBwdnl3ZUJ2NE9ENkRENzNTZ0wxVjZLMUVaeVlfRFpkNm5zM3JfVk42R0FMdjRQaTlWYjNOTGhKMVFnb2d0VGE0WWNtY1ZrNGVBMnc3UWFlbHd3RWZYY3FVazdBdHllQl9YTEFnQ3llZkZEcVpfaUlGZHJncGFndEhRRFlnRDdTYXFZb050QXA3S25XanhpSW1fTzk3SnBtczNDZUdrdG9QQkJDQnBrNlNfaDloSzh5aTZKVS04dm_SAdgBQVVfeXFMTzZLdGJ6UWFOcE56OTE3d0lKOVJ3Rld0UDRHVkc3R01HbFBDdkVvWHNXNkF0SEhiaUliZkdJdlUwNHVhT0RKY1RldEFoRk5JSk01eXVHYWhaQU1JUE5INE9rUVA5cjZ2emhiaW9EYXJPMzctTk5SRlZmQ1B6aC1UQmdlaGxJVDRoWk05VzNRUnlQWkxjaEduOGVWdzV4MWhEbllwQ2ppQWpHdmtTMzVOaEpjcTRQXzNNRWhueTd2QVNDcGdTZ216ZkpseG1MTTYyd2t3ZVJnNm1I?hl=en-GB&gl=GB&ceid=GB%3Aen
PSNI name man who died after Lisnaskea quad crash,./read/CBMiiwFBVV95cUxQRHZZRS13V1RLSGZraURIUkR1V21GMFdqLVZUa0dlOUVXQmhyY3A1SGlOZ2tPeGp6UFRycjNCcWFPeGp6SC1BRFd3Zl96clg3UDRKVkpjN1FrOF9zVGUtRUh2cDhzaVp4V00weFNNZzAzV1I4YkpkTjBYemEtaU00STdPTlEtZVlFenBJ0gGQAUFVX3lxTE1BS1R2d0M2WkFCYThHTzJzTEwtODhUa25CZko1TW1EbjAzWXBQZjB3dnFEcllWbkV0T2V1YTFEZlNtZ2NsRXpKRUt6Uy1WWmFXT3RzVmlaSVppV3RkbTJyMkJ2V1FkVWVTR2NsMGdKQlk4OGZzaGhGaWUtTDdfWUpoY0ZLRmpoNm42ZU5TQkRWaQ?hl=en-GB&gl=GB&ceid=GB%3Aen
Man dies after quad bike accident in Lisnaskea,./read/CBMiXEFVX3lxTE5NX21lRHBWYzBJcVFYR1dKQXp5aWZWbW9FVEhxRWtLUUE3UmRTZmMtTWNCM2J6alozZlhTamRNVXJ6cTJMQWh0Mm1ZUzVmblZEVmpEa1NWQ1BlVjZm?hl=en-GB&gl=GB&ceid=GB%3Aen
"Man, 50s, dies after single-vehicle crash in Co Fermanagh",./read/CBMie0FVX3lxTE1iQUFZOWJXU1dSY2ZYNVVBQkVsaC1qcnVrM21acmQ0Y2ppbVE3cXlscjh5S1l6X1JmZUZNWDYzZHBIalNxOXBmSV9XWWttWVdlR2F2bGhDd1lvQ2hWMWpZWndINTFEUFBsTTh6eHo2LXppeXlDdWRTX08yVQ?hl=en-GB&gl=GB&ceid=GB%3Aen
Man on quad bike dies in single-vehicle collision in Fermanagh,./read/CBMioAFBVV95cUxOWUJBbnFxNFdSOTNfSnJwenFHbFJGdnFiekZmWDNjQnZaeko1TFhHQUJfckZjejEzS2dFbmNqUjBnMTJ4alBfbkRjUVhiOFpNUXFhc3R6bDUySXlISVAwTlBEeWdfNTJEdVJxM1loSVQ4TmxhVG1PUXJWUERPZ0ZlRFFXLU1PZWZtQkJzSUJpR2R0UE5hdFFmR3kwaG5kNjRL?hl=en-GB&gl=GB&ceid=GB%3Aen
Met Office urges everyone in UK to shut their curtains at 4pm,./read/CBMihgFBVV95cUxPRHF2c0NXVm41aXpJcUtrb2VvQWJ1M0Y3T25aSHJ3UmI0dHQ0Z0g3TWNNTC1DdHRJbjdMWGRZeFlTUEQ1dEdQQ2ZxOUl6cG56LUZ6Q1htR2ptX3o0eHhVMnNNZ1Z1NDFSRVVEN1U5cy1tcmdLLTYzSGZYdW9UVmVXaHFhM3dHZw?hl=en-GB&gl=GB&ceid=GB%3Aen
Police remain at scene of ‘serious assault’ in east Belfast as man (21) arrested,./read/CBMi5AFBVV95cUxPRm44SXFXcVY3S2FzRFpHNHFJOGE1dFEtX0ItT0d6ZG9IcDRCT0J2V0lVS3RHUFlvRWM1VTdZa1NKaDY0dTlTS2EtM1UzRDJqLV9LeDZlcFNBTkJNbWF4QWZpZEx4UEh3OTZPZTZXbGF1cGdRRkN4dW5BSDAxT1lPRU43dF9HQ2pfV0J5SDU3YmdpRk9ldUlLMlFzY3N2eDNwaXFRVmh2MFZGZWlnZUlmVWpUQktBRjVfaVFEQ2lGdHlYUEdDTnpXTFZsMC1DT19OWE53NHk0azJuZUQwRDFuLVVzczg?hl=en-GB&gl=GB&ceid=GB%3Aen
Scotland braced for heavy downpours as giant 938-mile storm to deluge country,./read/CBMimwFBVV95cUxNUHNReS1GTURtY3RLbWMxd2tBN2Q5d0NXVFBKU0c2RTFkMnpLQUhfQ0NLZl9GdVdUaGtiQVdkYkdKZzVnNTRta20zQzhpU2lDYkVOWkhsWXFUN3RJaUtEeTFCZHFPMS1DdjlNTTNqNURfbTB4WjY4MXROX3ZsSVh3Snk1QlBVVC1DTHJMb0JnOWtXTEM5TWN1Z0V6c9IBoAFBVV95cUxOaGdpSzZ2SnNkRXNuclFzNHNCZlFLQTJHVGp1NkFNWlFNWklhTUlkRTVmb3hBbkx5VkotbHJ5MXNRY3NKS1YxSFVVdE5NVXBfZi01amtFY3pBRFVRQmRySGdfNDQ5dHU5bmhtb2p2NnlZa0tfRTVBUVNhY3diejFfb015dGdydTRGcUJmTnljcG1lRW5telozMUo2OVB4MjZV?hl=en-GB&gl=GB&ceid=GB%3Aen
Adele Rennie: 'Manipulative' catfish jailed after posing as man to stalk Tinder match,./read/CBMiwAFBVV95cUxQZVRhNU96R0s2bU5ta3h3bW1OWi1sVjFhT2x3elNkNW5WVGFhVGNhQnZ0M0RSa1pMRGpEU3M3dk50NjBTRkVuLTd5Tk5KSTFZamN2R3R1WXp0OGd1WGNUMnk2UlhyclpiSno4QUdJRDNLYjJXRGJYQy1yOER4RjlKZ0p3M2hDMXdhNXhnNEF5c3hleWlJXzlDYWZzNXR6RlFrWFAwQllpdjZTeXRsVmUzNWgtUGVILV95TElYY0JxQnbSAcYBQVVfeXFMT1RSeGhrZTRRODVnS1o1dFdhUFZJWFBRSUFRaDR2TVduQVVnQkJwU3dmNGl5Sl9IQi1BWHY1bmZsQnpiU2F1dnk4VnF1cWdtUFdrX1ZOaVFEdGtTTTFFdVRnY1VZOTc0LUZTbWswRFBXd3llWGJBNzJDLWVjX21IdVV3UWpHaFRKWlpOcERPN3lyVVBIN0N2T0tRRzJFeWhWNlpBelF4QWxnSXB6X2Rfd29KdUc3TlQ2aWk2T1AweFl5RW1nOGpR?hl=en-GB&gl=GB&ceid=GB%3Aen
Ex-nurse who posed as man to stalk Tinder match is jailed,./read/CBMiXEFVX3lxTE1iR3Vxdmt2cEx0Tk4ySmN4RnB1eFRJT0Y5TUJETTJSRU1sYjZxSXFqS21aVUI5aUxnVWM2WG9LUWxzTGJYMjgxQUpoU3R3MWg2VXY4RWlQR3lqU0po?hl=en-GB&gl=GB&ceid=GB%3Aen
Former nurse jailed for stalking after using voice-changing app to pose as male pharmacist and 'catfish' Tinder match,./read/CBMiqwFBVV95cUxNRmx4OUtDZFJlSmZsU2FoWFRpZ3pYREt5bjBGak01MzcwRWV2QVIxZTR1Wk11QTBvUkJzUVhFa2lJSDdqellaYjZWS0N2LTBnbEhzTHRhU01fQjZpdG9aNm0tQmJtTGVTNURDMExGV0l2bm5SbU52REhlZDJTS0c1eUFqWnVROF9MOHFHa052QzFIajV1bk5kakwzZzQyV29BOWJ2RFNuQV9hUzg?hl=en-GB&gl=GB&ceid=GB%3Aen
Scottish nurse used Tinder and voice app to carry out stalking campaign posing as man,./read/CBMimAFBVV95cUxQWjNnbVlPMlItbmdOMHY2Z3ZzMlp3S1AtTmtYWEVjclhUTURndEs4b1pYLWtRcklnLU5uOHNYWE5rN0s3RjgtU1pET3hYU3JzY2ZBS01WV3hUMzhuUklBMUM2aGNZQzJoUTRvSEJDRDJIYVJuNnlUanZETUp2RGxfSmp5Z0UzbXQ1VXhkbE9yWHJTS2dJZm9TRNIBngFBVV95cUxPU1dxTXlYNFRnWlk5Snhabk5zTkR4WkF3R01oTkNIelctTFVWZkVVeEhVM084bTlocHpnTDFRY25SWkt1ZjBCY0syZ09semhmMkhtZGF3dzluSlZod0d2M05wS1Jkdm0zMnJNYVB1azdfZEIzMlBNRFFLaW83TnVLREZUOEcyTjlzWU5sS1ZTUENLaFdISGtoVlE1VnVTZw?hl=en-GB&gl=GB&ceid=GB%3Aen
Police dog retires after being injured in Southport disorder,./read/CBMinAFBVV95cUxOc2ItTEdhQWxxSHRHMUVoTE5YZXVfZGo0NE44YWhYRlhxeVR5NndRZjlCT0lxLWV0WG5EYk90OWhmaFkxRmNHMWZaY1dhZWxITUVESUMxTVpLdFEtaUpPTWE1eUF5VnZucXNaeG94T3N2bDB6aDhYOUE5bjJuX0hOT0w2SjJWcTBMWWdCY0VwZ0dSZ0xuU2wwZl9LSHjSAaIBQVVfeXFMT19FMnhoc19Fd3pkRU1vZVRpdE9DWW1DVldpSGpCclZEYkxOTGp2SVdvWDFnOHhiZllKM2R5dGdNMHVSZW1OY0YwYXlnanF4MWZWRWkxbEpFaHZkYXJqVHNFblNzNzNBS1F2M0gwVXVGbFk4LXg0S3lUU05ZY3QwWTdySEpCcm9ESENWdlJIcjh5RHdIdkRHNl9lb183bTBMTk5B?hl=en-GB&gl=GB&ceid=GB%3Aen
Police dog is retired after being injured in Southport disorder,./read/CBMiiAFBVV95cUxNT0ZlRFBOMERTM2ZaNmVWN0hfQlZhT3dMd3o2c0pRNWJFOTUwOUgxVWkyQXVaVG9rVWZpYnRNeHlSbnZFcHZlR0ZoajBjUjRqdDR4V21pcHJSVTZ6dHdNUWlsdHlFM0dSdzFkcDJINXNPbmk2RjllOHdRdmVEc1lMMjdyWWNoQndK?hl=en-GB&gl=GB&ceid=GB%3Aen
Southport riots police dog forced into early retirement after injuries in clashes,./read/CBMilgFBVV95cUxPdzVpSGtFZ0lPejJmTkJLUGxrNTdHa1ZrUG9VeFRjeENRZk9tbXhJaEZ1N3RyU2ZtTXViVlFRZ1FFT2wzNU5tOE9oNmx3dGQxd0UtWnBFTVZHSkxybjVwbmxFS3Q0S0xEQXRTa05waWE0YnI3bzJFXzlYY3dEdmkzSEI4Mlh4UHE1M3k4SnlnNVFRYkdiN3fSAZsBQVVfeXFMUHdqUE93VjVEX2lCd0JSS19TZGFBRzhwQVNYYmp5RWc3WEoxUWw0TkRpVnhZaVE4djg3WVhZYlg1a3BQUzlScml6TnJ3S0lmTjh2VXlSWk1MejVzelFVMUFWYlRCMkdRcFBoanpPVkFQMllud0lOX01hR1R0RFVEa1c2OHB2NjNSYV9EcHRqZDVMZnVPUXRyaFUxUTA?hl=en-GB&gl=GB&ceid=GB%3Aen
Merseyside Police dog injured in Southport riots retires,./read/CBMiWkFVX3lxTE94NzlGdEdvYk1lWkx3N2VhX0dMcHZ3dU94WUFvYTF3aDZkUlR6b2lOWUNKNDVCcUMwZjRZOG8zZWdHSVpsQnNsMXhfR29NVDlmUTRsZzVkWFZXUQ?hl=en-GB&gl=GB&ceid=GB%3Aen
